gene_id,gene_symbol,sample_id,tpm
ENSG100000,GENE001,DT001_LI357,0.619
ENSG100001,GENE002,DT001_LI357,2.985
ENSG100002,GENE003,DT001_LI357,30.2
ENSG100003,GENE004,DT001_LI357,1.609
ENSG100004,GENE005,DT001_LI357,0.0
ENSG100005,GENE006,DT001_LI357,3.705
ENSG100006,GENE007,DT001_LI357,2.714
ENSG100007,GENE008,DT001_LI357,0.92
ENSG100008,GENE009,DT001_LI357,0.0
ENSG100009,GENE010,DT001_LI357,6.194
ENSG100010,GENE011,DT001_LI357,1.059
ENSG100011,GENE012,DT001_LI357,2.276
ENSG100012,GENE013,DT001_LI357,3.731
ENSG100013,GENE014,DT001_LI357,2.024
ENSG100014,GENE015,DT001_LI357,0.43
ENSG100015,GENE016,DT001_LI357,2.655
ENSG100016,GENE017,DT001_LI357,1.635
ENSG100017,GENE018,DT001_LI357,7.22
ENSG100018,GENE019,DT001_LI357,3.196
ENSG100019,GENE020,DT001_LI357,3.922
ENSG100020,GENE021,DT001_LI357,0.201
ENSG100021,GENE022,DT001_LI357,0.0
ENSG100022,GENE023,DT001_LI357,0.557
ENSG100023,GENE024,DT001_LI357,2.005
ENSG100024,GENE025,DT001_LI357,1.56
ENSG100025,GENE026,DT001_LI357,0.0
ENSG100026,GENE027,DT001_LI357,0.091
ENSG100027,GENE028,DT001_LI357,0.0
ENSG100028,GENE029,DT001_LI357,0.0
ENSG100029,GENE030,DT001_LI357,5.95
ENSG100030,GENE031,DT001_LI357,4.748
ENSG100031,GENE032,DT001_LI357,1.403
ENSG100032,GENE033,DT001_LI357,1.808
ENSG100033,GENE034,DT001_LI357,0.0
ENSG100034,GENE035,DT001_LI357,0.0
ENSG100035,GENE036,DT001_LI357,5.349
ENSG100036,GENE037,DT001_LI357,0.0
ENSG100037,GENE038,DT001_LI357,1.692
ENSG100038,GENE039,DT001_LI357,3.023
ENSG100039,GENE040,DT001_LI357,0.0
ENSG100040,GENE041,DT001_LI357,4.407
ENSG100041,GENE042,DT001_LI357,1.177
ENSG100042,GENE043,DT001_LI357,0.0
ENSG100043,GENE044,DT001_LI357,0.211
ENSG100044,GENE045,DT001_LI357,4.215
ENSG100045,GENE046,DT001_LI357,13.963
ENSG100046,GENE047,DT001_LI357,0.0
ENSG100047,GENE048,DT001_LI357,9.396
ENSG100048,GENE049,DT001_LI357,5.579
ENSG100049,GENE050,DT001_LI357,2.22
ENSG100000,GENE001,DT001_LU449,0.021
ENSG100001,GENE002,DT001_LU449,0.492
ENSG100002,GENE003,DT001_LU449,11.418
ENSG100003,GENE004,DT001_LU449,2.189
ENSG100004,GENE005,DT001_LU449,0.3
ENSG100005,GENE006,DT001_LU449,0.269
ENSG100006,GENE007,DT001_LU449,8.063
ENSG100007,GENE008,DT001_LU449,0.595
ENSG100008,GENE009,DT001_LU449,0.381
ENSG100009,GENE010,DT001_LU449,29.447
ENSG100010,GENE011,DT001_LU449,1.261
ENSG100011,GENE012,DT001_LU449,2.223
ENSG100012,GENE013,DT001_LU449,0.0
ENSG100013,GENE014,DT001_LU449,0.154
ENSG100014,GENE015,DT001_LU449,0.347
ENSG100015,GENE016,DT001_LU449,3.842
ENSG100016,GENE017,DT001_LU449,2.317
ENSG100017,GENE018,DT001_LU449,1.408
ENSG100018,GENE019,DT001_LU449,0.0
ENSG100019,GENE020,DT001_LU449,4.845
ENSG100020,GENE021,DT001_LU449,1.217
ENSG100021,GENE022,DT001_LU449,0.0
ENSG100022,GENE023,DT001_LU449,2.852
ENSG100023,GENE024,DT001_LU449,1.704
ENSG100024,GENE025,DT001_LU449,0.134
ENSG100025,GENE026,DT001_LU449,0.0
ENSG100026,GENE027,DT001_LU449,6.844
ENSG100027,GENE028,DT001_LU449,0.0
ENSG100028,GENE029,DT001_LU449,0.0
ENSG100029,GENE030,DT001_LU449,4.559
ENSG100030,GENE031,DT001_LU449,1.547
ENSG100031,GENE032,DT001_LU449,0.0
ENSG100032,GENE033,DT001_LU449,1.561
ENSG100033,GENE034,DT001_LU449,0.18
ENSG100034,GENE035,DT001_LU449,0.844
ENSG100035,GENE036,DT001_LU449,0.273
ENSG100036,GENE037,DT001_LU449,5.09
ENSG100037,GENE038,DT001_LU449,0.24
ENSG100038,GENE039,DT001_LU449,8.039
ENSG100039,GENE040,DT001_LU449,0.0
ENSG100040,GENE041,DT001_LU449,7.296
ENSG100041,GENE042,DT001_LU449,0.0
ENSG100042,GENE043,DT001_LU449,0.0
ENSG100043,GENE044,DT001_LU449,0.885
ENSG100044,GENE045,DT001_LU449,4.568
ENSG100045,GENE046,DT001_LU449,11.441
ENSG100046,GENE047,DT001_LU449,0.0
ENSG100047,GENE048,DT001_LU449,1.888
ENSG100048,GENE049,DT001_LU449,2.862
ENSG100049,GENE050,DT001_LU449,3.644
ENSG100000,GENE001,DT001_SK379,1.832
ENSG100001,GENE002,DT001_SK379,2.424
ENSG100002,GENE003,DT001_SK379,0.0
ENSG100003,GENE004,DT001_SK379,2.613
ENSG100004,GENE005,DT001_SK379,0.616
ENSG100005,GENE006,DT001_SK379,2.591
ENSG100006,GENE007,DT001_SK379,7.886
ENSG100007,GENE008,DT001_SK379,0.907
ENSG100008,GENE009,DT001_SK379,0.096
ENSG100009,GENE010,DT001_SK379,23.917
ENSG100010,GENE011,DT001_SK379,3.103
ENSG100011,GENE012,DT001_SK379,5.306
ENSG100012,GENE013,DT001_SK379,2.796
ENSG100013,GENE014,DT001_SK379,0.118
ENSG100014,GENE015,DT001_SK379,6.815
ENSG100015,GENE016,DT001_SK379,14.05
ENSG100016,GENE017,DT001_SK379,1.541
ENSG100017,GENE018,DT001_SK379,0.979
ENSG100018,GENE019,DT001_SK379,0.862
ENSG100019,GENE020,DT001_SK379,0.704
ENSG100020,GENE021,DT001_SK379,0.357
ENSG100021,GENE022,DT001_SK379,0.0
ENSG100022,GENE023,DT001_SK379,0.0
ENSG100023,GENE024,DT001_SK379,0.563
ENSG100024,GENE025,DT001_SK379,2.252
ENSG100025,GENE026,DT001_SK379,0.0
ENSG100026,GENE027,DT001_SK379,5.498
ENSG100027,GENE028,DT001_SK379,0.0
ENSG100028,GENE029,DT001_SK379,0.0
ENSG100029,GENE030,DT001_SK379,5.943
ENSG100030,GENE031,DT001_SK379,3.385
ENSG100031,GENE032,DT001_SK379,0.768
ENSG100032,GENE033,DT001_SK379,1.799
ENSG100033,GENE034,DT001_SK379,0.0
ENSG100034,GENE035,DT001_SK379,0.0
ENSG100035,GENE036,DT001_SK379,2.4
ENSG100036,GENE037,DT001_SK379,9.664
ENSG100037,GENE038,DT001_SK379,0.229
ENSG100038,GENE039,DT001_SK379,9.989
ENSG100039,GENE040,DT001_SK379,0.0
ENSG100040,GENE041,DT001_SK379,6.015
ENSG100041,GENE042,DT001_SK379,0.0
ENSG100042,GENE043,DT001_SK379,0.0
ENSG100043,GENE044,DT001_SK379,0.904
ENSG100044,GENE045,DT001_SK379,11.011
ENSG100045,GENE046,DT001_SK379,10.404
ENSG100046,GENE047,DT001_SK379,0.0
ENSG100047,GENE048,DT001_SK379,24.897
ENSG100048,GENE049,DT001_SK379,1.609
ENSG100049,GENE050,DT001_SK379,0.933
ENSG100000,GENE001,DT002_LI491,1.071
ENSG100001,GENE002,DT002_LI491,4.953
ENSG100002,GENE003,DT002_LI491,22.187
ENSG100003,GENE004,DT002_LI491,0.326
ENSG100004,GENE005,DT002_LI491,0.867
ENSG100005,GENE006,DT002_LI491,0.772
ENSG100006,GENE007,DT002_LI491,0.775
ENSG100007,GENE008,DT002_LI491,1.573
ENSG100008,GENE009,DT002_LI491,0.041
ENSG100009,GENE010,DT002_LI491,0.926
ENSG100010,GENE011,DT002_LI491,2.385
ENSG100011,GENE012,DT002_LI491,0.0
ENSG100012,GENE013,DT002_LI491,9.632
ENSG100013,GENE014,DT002_LI491,13.811
ENSG100014,GENE015,DT002_LI491,0.698
ENSG100015,GENE016,DT002_LI491,2.947
ENSG100016,GENE017,DT002_LI491,8.979
ENSG100017,GENE018,DT002_LI491,11.897
ENSG100018,GENE019,DT002_LI491,0.402
ENSG100019,GENE020,DT002_LI491,10.133
ENSG100020,GENE021,DT002_LI491,1.273
ENSG100021,GENE022,DT002_LI491,0.658
ENSG100022,GENE023,DT002_LI491,1.876
ENSG100023,GENE024,DT002_LI491,2.478
ENSG100024,GENE025,DT002_LI491,0.0
ENSG100025,GENE026,DT002_LI491,0.0
ENSG100026,GENE027,DT002_LI491,0.155
ENSG100027,GENE028,DT002_LI491,0.966
ENSG100028,GENE029,DT002_LI491,0.0
ENSG100029,GENE030,DT002_LI491,7.565
ENSG100030,GENE031,DT002_LI491,0.854
ENSG100031,GENE032,DT002_LI491,2.852
ENSG100032,GENE033,DT002_LI491,4.44
ENSG100033,GENE034,DT002_LI491,0.0
ENSG100034,GENE035,DT002_LI491,0.0
ENSG100035,GENE036,DT002_LI491,9.221
ENSG100036,GENE037,DT002_LI491,0.0
ENSG100037,GENE038,DT002_LI491,0.0
ENSG100038,GENE039,DT002_LI491,7.689
ENSG100039,GENE040,DT002_LI491,0.601
ENSG100040,GENE041,DT002_LI491,0.17
ENSG100041,GENE042,DT002_LI491,0.566
ENSG100042,GENE043,DT002_LI491,0.0
ENSG100043,GENE044,DT002_LI491,3.243
ENSG100044,GENE045,DT002_LI491,4.181
ENSG100045,GENE046,DT002_LI491,9.246
ENSG100046,GENE047,DT002_LI491,0.899
ENSG100047,GENE048,DT002_LI491,10.03
ENSG100048,GENE049,DT002_LI491,11.181
ENSG100049,GENE050,DT002_LI491,3.086
ENSG100000,GENE001,DT002_LU761,0.0
ENSG100001,GENE002,DT002_LU761,8.183
ENSG100002,GENE003,DT002_LU761,8.097
ENSG100003,GENE004,DT002_LU761,4.526
ENSG100004,GENE005,DT002_LU761,0.0
ENSG100005,GENE006,DT002_LU761,1.247
ENSG100006,GENE007,DT002_LU761,2.102
ENSG100007,GENE008,DT002_LU761,0.0
ENSG100008,GENE009,DT002_LU761,0.116
ENSG100009,GENE010,DT002_LU761,8.922
ENSG100010,GENE011,DT002_LU761,0.757
ENSG100011,GENE012,DT002_LU761,1.113
ENSG100012,GENE013,DT002_LU761,0.0
ENSG100013,GENE014,DT002_LU761,2.449
ENSG100014,GENE015,DT002_LU761,0.377
ENSG100015,GENE016,DT002_LU761,2.789
ENSG100016,GENE017,DT002_LU761,4.354
ENSG100017,GENE018,DT002_LU761,1.763
ENSG100018,GENE019,DT002_LU761,8.71
ENSG100019,GENE020,DT002_LU761,7.423
ENSG100020,GENE021,DT002_LU761,2.934
ENSG100021,GENE022,DT002_LU761,1.55
ENSG100022,GENE023,DT002_LU761,2.717
ENSG100023,GENE024,DT002_LU761,2.213
ENSG100024,GENE025,DT002_LU761,0.0
ENSG100025,GENE026,DT002_LU761,0.0
ENSG100026,GENE027,DT002_LU761,3.609
ENSG100027,GENE028,DT002_LU761,0.0
ENSG100028,GENE029,DT002_LU761,0.0
ENSG100029,GENE030,DT002_LU761,1.571
ENSG100030,GENE031,DT002_LU761,0.573
ENSG100031,GENE032,DT002_LU761,0.297
ENSG100032,GENE033,DT002_LU761,0.806
ENSG100033,GENE034,DT002_LU761,0.947
ENSG100034,GENE035,DT002_LU761,0.0
ENSG100035,GENE036,DT002_LU761,1.707
ENSG100036,GENE037,DT002_LU761,7.449
ENSG100037,GENE038,DT002_LU761,0.012
ENSG100038,GENE039,DT002_LU761,1.29
ENSG100039,GENE040,DT002_LU761,0.267
ENSG100040,GENE041,DT002_LU761,1.449
ENSG100041,GENE042,DT002_LU761,0.0
ENSG100042,GENE043,DT002_LU761,0.738
ENSG100043,GENE044,DT002_LU761,7.956
ENSG100044,GENE045,DT002_LU761,0.0
ENSG100045,GENE046,DT002_LU761,9.367
ENSG100046,GENE047,DT002_LU761,0.24
ENSG100047,GENE048,DT002_LU761,1.469
ENSG100048,GENE049,DT002_LU761,13.031
ENSG100049,GENE050,DT002_LU761,6.537
ENSG100000,GENE001,DT002_SK991,5.19
ENSG100001,GENE002,DT002_SK991,8.864
ENSG100002,GENE003,DT002_SK991,1.808
ENSG100003,GENE004,DT002_SK991,8.699
ENSG100004,GENE005,DT002_SK991,0.685
ENSG100005,GENE006,DT002_SK991,1.094
ENSG100006,GENE007,DT002_SK991,1.171
ENSG100007,GENE008,DT002_SK991,1.176
ENSG100008,GENE009,DT002_SK991,0.068
ENSG100009,GENE010,DT002_SK991,8.093
ENSG100010,GENE011,DT002_SK991,1.942
ENSG100011,GENE012,DT002_SK991,0.112
ENSG100012,GENE013,DT002_SK991,3.908
ENSG100013,GENE014,DT002_SK991,6.256
ENSG100014,GENE015,DT002_SK991,1.976
ENSG100015,GENE016,DT002_SK991,0.0
ENSG100016,GENE017,DT002_SK991,1.308
ENSG100017,GENE018,DT002_SK991,3.663
ENSG100018,GENE019,DT002_SK991,0.2
ENSG100019,GENE020,DT002_SK991,8.102
ENSG100020,GENE021,DT002_SK991,0.439
ENSG100021,GENE022,DT002_SK991,0.0
ENSG100022,GENE023,DT002_SK991,0.0
ENSG100023,GENE024,DT002_SK991,0.74
ENSG100024,GENE025,DT002_SK991,0.0
ENSG100025,GENE026,DT002_SK991,0.0
ENSG100026,GENE027,DT002_SK991,1.839
ENSG100027,GENE028,DT002_SK991,0.0
ENSG100028,GENE029,DT002_SK991,0.0
ENSG100029,GENE030,DT002_SK991,2.636
ENSG100030,GENE031,DT002_SK991,1.275
ENSG100031,GENE032,DT002_SK991,4.724
ENSG100032,GENE033,DT002_SK991,1.532
ENSG100033,GENE034,DT002_SK991,0.0
ENSG100034,GENE035,DT002_SK991,0.0
ENSG100035,GENE036,DT002_SK991,6.259
ENSG100036,GENE037,DT002_SK991,8.748
ENSG100037,GENE038,DT002_SK991,1.239
ENSG100038,GENE039,DT002_SK991,7.248
ENSG100039,GENE040,DT002_SK991,0.035
ENSG100040,GENE041,DT002_SK991,1.748
ENSG100041,GENE042,DT002_SK991,0.997
ENSG100042,GENE043,DT002_SK991,0.0
ENSG100043,GENE044,DT002_SK991,8.678
ENSG100044,GENE045,DT002_SK991,7.129
ENSG100045,GENE046,DT002_SK991,2.945
ENSG100046,GENE047,DT002_SK991,0.234
ENSG100047,GENE048,DT002_SK991,11.897
ENSG100048,GENE049,DT002_SK991,5.235
ENSG100049,GENE050,DT002_SK991,1.635
ENSG100000,GENE001,DT003_LI887,2.254
ENSG100001,GENE002,DT003_LI887,6.928
ENSG100002,GENE003,DT003_LI887,11.467
ENSG100003,GENE004,DT003_LI887,0.171
ENSG100004,GENE005,DT003_LI887,0.542
ENSG100005,GENE006,DT003_LI887,7.875
ENSG100006,GENE007,DT003_LI887,0.304
ENSG100007,GENE008,DT003_LI887,0.848
ENSG100008,GENE009,DT003_LI887,0.07
ENSG100009,GENE010,DT003_LI887,0.851
ENSG100010,GENE011,DT003_LI887,0.492
ENSG100011,GENE012,DT003_LI887,0.221
ENSG100012,GENE013,DT003_LI887,6.068
ENSG100013,GENE014,DT003_LI887,7.117
ENSG100014,GENE015,DT003_LI887,0.622
ENSG100015,GENE016,DT003_LI887,5.706
ENSG100016,GENE017,DT003_LI887,3.535
ENSG100017,GENE018,DT003_LI887,3.736
ENSG100018,GENE019,DT003_LI887,3.53
ENSG100019,GENE020,DT003_LI887,2.459
ENSG100020,GENE021,DT003_LI887,0.0
ENSG100021,GENE022,DT003_LI887,1.728
ENSG100022,GENE023,DT003_LI887,1.219
ENSG100023,GENE024,DT003_LI887,8.555
ENSG100024,GENE025,DT003_LI887,1.141
ENSG100025,GENE026,DT003_LI887,0.0
ENSG100026,GENE027,DT003_LI887,0.0
ENSG100027,GENE028,DT003_LI887,0.863
ENSG100028,GENE029,DT003_LI887,0.0
ENSG100029,GENE030,DT003_LI887,5.262
ENSG100030,GENE031,DT003_LI887,0.461
ENSG100031,GENE032,DT003_LI887,3.306
ENSG100032,GENE033,DT003_LI887,12.469
ENSG100033,GENE034,DT003_LI887,0.0
ENSG100034,GENE035,DT003_LI887,0.0
ENSG100035,GENE036,DT003_LI887,3.409
ENSG100036,GENE037,DT003_LI887,0.0
ENSG100037,GENE038,DT003_LI887,0.309
ENSG100038,GENE039,DT003_LI887,0.0
ENSG100039,GENE040,DT003_LI887,0.0
ENSG100040,GENE041,DT003_LI887,0.0
ENSG100041,GENE042,DT003_LI887,0.0
ENSG100042,GENE043,DT003_LI887,0.0
ENSG100043,GENE044,DT003_LI887,0.0
ENSG100044,GENE045,DT003_LI887,2.335
ENSG100045,GENE046,DT003_LI887,16.862
ENSG100046,GENE047,DT003_LI887,1.223
ENSG100047,GENE048,DT003_LI887,2.519
ENSG100048,GENE049,DT003_LI887,3.828
ENSG100049,GENE050,DT003_LI887,3.317
ENSG100000,GENE001,DT003_LU841,0.41
ENSG100001,GENE002,DT003_LU841,0.0
ENSG100002,GENE003,DT003_LU841,4.032
ENSG100003,GENE004,DT003_LU841,0.229
ENSG100004,GENE005,DT003_LU841,0.049
ENSG100005,GENE006,DT003_LU841,1.243
ENSG100006,GENE007,DT003_LU841,0.466
ENSG100007,GENE008,DT003_LU841,0.938
ENSG100008,GENE009,DT003_LU841,1.554
ENSG100009,GENE010,DT003_LU841,0.0
ENSG100010,GENE011,DT003_LU841,0.404
ENSG100011,GENE012,DT003_LU841,0.927
ENSG100012,GENE013,DT003_LU841,4.491
ENSG100013,GENE014,DT003_LU841,1.919
ENSG100014,GENE015,DT003_LU841,0.0
ENSG100015,GENE016,DT003_LU841,3.277
ENSG100016,GENE017,DT003_LU841,1.586
ENSG100017,GENE018,DT003_LU841,1.491
ENSG100018,GENE019,DT003_LU841,5.071
ENSG100019,GENE020,DT003_LU841,0.632
ENSG100020,GENE021,DT003_LU841,0.262
ENSG100021,GENE022,DT003_LU841,0.77
ENSG100022,GENE023,DT003_LU841,0.362
ENSG100023,GENE024,DT003_LU841,3.691
ENSG100024,GENE025,DT003_LU841,0.709
ENSG100025,GENE026,DT003_LU841,0.045
ENSG100026,GENE027,DT003_LU841,3.516
ENSG100027,GENE028,DT003_LU841,0.0
ENSG100028,GENE029,DT003_LU841,0.0
ENSG100029,GENE030,DT003_LU841,2.286
ENSG100030,GENE031,DT003_LU841,1.043
ENSG100031,GENE032,DT003_LU841,1.224
ENSG100032,GENE033,DT003_LU841,11.241
ENSG100033,GENE034,DT003_LU841,0.208
ENSG100034,GENE035,DT003_LU841,0.0
ENSG100035,GENE036,DT003_LU841,0.38
ENSG100036,GENE037,DT003_LU841,4.735
ENSG100037,GENE038,DT003_LU841,0.302
ENSG100038,GENE039,DT003_LU841,3.295
ENSG100039,GENE040,DT003_LU841,0.0
ENSG100040,GENE041,DT003_LU841,1.186
ENSG100041,GENE042,DT003_LU841,0.0
ENSG100042,GENE043,DT003_LU841,0.966
ENSG100043,GENE044,DT003_LU841,4.499
ENSG100044,GENE045,DT003_LU841,1.978
ENSG100045,GENE046,DT003_LU841,15.651
ENSG100046,GENE047,DT003_LU841,0.0
ENSG100047,GENE048,DT003_LU841,0.01
ENSG100048,GENE049,DT003_LU841,22.09
ENSG100049,GENE050,DT003_LU841,9.786
ENSG100000,GENE001,DT003_SK515,3.86
ENSG100001,GENE002,DT003_SK515,7.915
ENSG100002,GENE003,DT003_SK515,0.15
ENSG100003,GENE004,DT003_SK515,0.635
ENSG100004,GENE005,DT003_SK515,1.698
ENSG100005,GENE006,DT003_SK515,3.913
ENSG100006,GENE007,DT003_SK515,0.649
ENSG100007,GENE008,DT003_SK515,0.0
ENSG100008,GENE009,DT003_SK515,1.964
ENSG100009,GENE010,DT003_SK515,4.573
ENSG100010,GENE011,DT003_SK515,0.325
ENSG100011,GENE012,DT003_SK515,1.481
ENSG100012,GENE013,DT003_SK515,2.868
ENSG100013,GENE014,DT003_SK515,0.895
ENSG100014,GENE015,DT003_SK515,0.795
ENSG100015,GENE016,DT003_SK515,4.808
ENSG100016,GENE017,DT003_SK515,0.65
ENSG100017,GENE018,DT003_SK515,4.025
ENSG100018,GENE019,DT003_SK515,0.0
ENSG100019,GENE020,DT003_SK515,6.038
ENSG100020,GENE021,DT003_SK515,0.0
ENSG100021,GENE022,DT003_SK515,0.0
ENSG100022,GENE023,DT003_SK515,0.0
ENSG100023,GENE024,DT003_SK515,1.598
ENSG100024,GENE025,DT003_SK515,0.312
ENSG100025,GENE026,DT003_SK515,0.0
ENSG100026,GENE027,DT003_SK515,2.77
ENSG100027,GENE028,DT003_SK515,0.0
ENSG100028,GENE029,DT003_SK515,0.0
ENSG100029,GENE030,DT003_SK515,7.965
ENSG100030,GENE031,DT003_SK515,0.883
ENSG100031,GENE032,DT003_SK515,3.226
ENSG100032,GENE033,DT003_SK515,5.857
ENSG100033,GENE034,DT003_SK515,0.0
ENSG100034,GENE035,DT003_SK515,0.0
ENSG100035,GENE036,DT003_SK515,0.344
ENSG100036,GENE037,DT003_SK515,5.608
ENSG100037,GENE038,DT003_SK515,1.1
ENSG100038,GENE039,DT003_SK515,8.675
ENSG100039,GENE040,DT003_SK515,0.0
ENSG100040,GENE041,DT003_SK515,1.445
ENSG100041,GENE042,DT003_SK515,0.0
ENSG100042,GENE043,DT003_SK515,0.0
ENSG100043,GENE044,DT003_SK515,1.23
ENSG100044,GENE045,DT003_SK515,10.811
ENSG100045,GENE046,DT003_SK515,11.836
ENSG100046,GENE047,DT003_SK515,0.556
ENSG100047,GENE048,DT003_SK515,3.275
ENSG100048,GENE049,DT003_SK515,2.333
ENSG100049,GENE050,DT003_SK515,1.98
ENSG100000,GENE001,DT004_LI731,0.328
ENSG100001,GENE002,DT004_LI731,0.0
ENSG100002,GENE003,DT004_LI731,13.752
ENSG100003,GENE004,DT004_LI731,0.0
ENSG100004,GENE005,DT004_LI731,0.415
ENSG100005,GENE006,DT004_LI731,4.03
ENSG100006,GENE007,DT004_LI731,3.659
ENSG100007,GENE008,DT004_LI731,0.604
ENSG100008,GENE009,DT004_LI731,0.0
ENSG100009,GENE010,DT004_LI731,3.761
ENSG100010,GENE011,DT004_LI731,0.405
ENSG100011,GENE012,DT004_LI731,0.62
ENSG100012,GENE013,DT004_LI731,3.814
ENSG100013,GENE014,DT004_LI731,6.134
ENSG100014,GENE015,DT004_LI731,0.183
ENSG100015,GENE016,DT004_LI731,5.156
ENSG100016,GENE017,DT004_LI731,11.998
ENSG100017,GENE018,DT004_LI731,4.646
ENSG100018,GENE019,DT004_LI731,2.622
ENSG100019,GENE020,DT004_LI731,3.422
ENSG100020,GENE021,DT004_LI731,0.092
ENSG100021,GENE022,DT004_LI731,4.123
ENSG100022,GENE023,DT004_LI731,1.489
ENSG100023,GENE024,DT004_LI731,17.137
ENSG100024,GENE025,DT004_LI731,0.0
ENSG100025,GENE026,DT004_LI731,0.0
ENSG100026,GENE027,DT004_LI731,0.134
ENSG100027,GENE028,DT004_LI731,0.632
ENSG100028,GENE029,DT004_LI731,0.0
ENSG100029,GENE030,DT004_LI731,8.607
ENSG100030,GENE031,DT004_LI731,1.097
ENSG100031,GENE032,DT004_LI731,3.112
ENSG100032,GENE033,DT004_LI731,4.339
ENSG100033,GENE034,DT004_LI731,0.0
ENSG100034,GENE035,DT004_LI731,0.0
ENSG100035,GENE036,DT004_LI731,8.716
ENSG100036,GENE037,DT004_LI731,0.0
ENSG100037,GENE038,DT004_LI731,0.11
ENSG100038,GENE039,DT004_LI731,3.227
ENSG100039,GENE040,DT004_LI731,0.0
ENSG100040,GENE041,DT004_LI731,1.038
ENSG100041,GENE042,DT004_LI731,0.0
ENSG100042,GENE043,DT004_LI731,0.236
ENSG100043,GENE044,DT004_LI731,0.536
ENSG100044,GENE045,DT004_LI731,3.22
ENSG100045,GENE046,DT004_LI731,16.99
ENSG100046,GENE047,DT004_LI731,0.0
ENSG100047,GENE048,DT004_LI731,10.706
ENSG100048,GENE049,DT004_LI731,15.953
ENSG100049,GENE050,DT004_LI731,6.478
ENSG100000,GENE001,DT004_LU884,0.688
ENSG100001,GENE002,DT004_LU884,4.323
ENSG100002,GENE003,DT004_LU884,2.736
ENSG100003,GENE004,DT004_LU884,1.868
ENSG100004,GENE005,DT004_LU884,0.893
ENSG100005,GENE006,DT004_LU884,2.393
ENSG100006,GENE007,DT004_LU884,1.409
ENSG100007,GENE008,DT004_LU884,0.475
ENSG100008,GENE009,DT004_LU884,0.551
ENSG100009,GENE010,DT004_LU884,11.944
ENSG100010,GENE011,DT004_LU884,2.6
ENSG100011,GENE012,DT004_LU884,5.777
ENSG100012,GENE013,DT004_LU884,5.236
ENSG100013,GENE014,DT004_LU884,1.691
ENSG100014,GENE015,DT004_LU884,0.0
ENSG100015,GENE016,DT004_LU884,6.42
ENSG100016,GENE017,DT004_LU884,7.253
ENSG100017,GENE018,DT004_LU884,1.372
ENSG100018,GENE019,DT004_LU884,4.769
ENSG100019,GENE020,DT004_LU884,3.124
ENSG100020,GENE021,DT004_LU884,0.679
ENSG100021,GENE022,DT004_LU884,1.154
ENSG100022,GENE023,DT004_LU884,2.565
ENSG100023,GENE024,DT004_LU884,8.86
ENSG100024,GENE025,DT004_LU884,0.094
ENSG100025,GENE026,DT004_LU884,0.269
ENSG100026,GENE027,DT004_LU884,1.54
ENSG100027,GENE028,DT004_LU884,0.0
ENSG100028,GENE029,DT004_LU884,0.0
ENSG100029,GENE030,DT004_LU884,3.416
ENSG100030,GENE031,DT004_LU884,0.47
ENSG100031,GENE032,DT004_LU884,1.491
ENSG100032,GENE033,DT004_LU884,2.723
ENSG100033,GENE034,DT004_LU884,0.258
ENSG100034,GENE035,DT004_LU884,0.0
ENSG100035,GENE036,DT004_LU884,1.571
ENSG100036,GENE037,DT004_LU884,8.463
ENSG100037,GENE038,DT004_LU884,0.11
ENSG100038,GENE039,DT004_LU884,0.299
ENSG100039,GENE040,DT004_LU884,0.0
ENSG100040,GENE041,DT004_LU884,4.207
ENSG100041,GENE042,DT004_LU884,0.0
ENSG100042,GENE043,DT004_LU884,2.72
ENSG100043,GENE044,DT004_LU884,5.805
ENSG100044,GENE045,DT004_LU884,6.081
ENSG100045,GENE046,DT004_LU884,25.115
ENSG100046,GENE047,DT004_LU884,0.0
ENSG100047,GENE048,DT004_LU884,1.693
ENSG100048,GENE049,DT004_LU884,46.176
ENSG100049,GENE050,DT004_LU884,7.258
ENSG100000,GENE001,DT004_SK493,5.188
ENSG100001,GENE002,DT004_SK493,6.469
ENSG100002,GENE003,DT004_SK493,0.298
ENSG100003,GENE004,DT004_SK493,3.588
ENSG100004,GENE005,DT004_SK493,2.959
ENSG100005,GENE006,DT004_SK493,4.229
ENSG100006,GENE007,DT004_SK493,0.596
ENSG100007,GENE008,DT004_SK493,1.123
ENSG100008,GENE009,DT004_SK493,0.0
ENSG100009,GENE010,DT004_SK493,26.143
ENSG100010,GENE011,DT004_SK493,1.031
ENSG100011,GENE012,DT004_SK493,3.498
ENSG100012,GENE013,DT004_SK493,3.178
ENSG100013,GENE014,DT004_SK493,1.729
ENSG100014,GENE015,DT004_SK493,0.0
ENSG100015,GENE016,DT004_SK493,15.872
ENSG100016,GENE017,DT004_SK493,2.937
ENSG100017,GENE018,DT004_SK493,0.124
ENSG100018,GENE019,DT004_SK493,0.0
ENSG100019,GENE020,DT004_SK493,2.95
ENSG100020,GENE021,DT004_SK493,0.197
ENSG100021,GENE022,DT004_SK493,0.0
ENSG100022,GENE023,DT004_SK493,0.0
ENSG100023,GENE024,DT004_SK493,3.934
ENSG100024,GENE025,DT004_SK493,0.514
ENSG100025,GENE026,DT004_SK493,0.0
ENSG100026,GENE027,DT004_SK493,7.679
ENSG100027,GENE028,DT004_SK493,0.0
ENSG100028,GENE029,DT004_SK493,0.0
ENSG100029,GENE030,DT004_SK493,8.349
ENSG100030,GENE031,DT004_SK493,0.743
ENSG100031,GENE032,DT004_SK493,3.96
ENSG100032,GENE033,DT004_SK493,7.883
ENSG100033,GENE034,DT004_SK493,0.0
ENSG100034,GENE035,DT004_SK493,0.0
ENSG100035,GENE036,DT004_SK493,3.761
ENSG100036,GENE037,DT004_SK493,9.424
ENSG100037,GENE038,DT004_SK493,0.23
ENSG100038,GENE039,DT004_SK493,5.211
ENSG100039,GENE040,DT004_SK493,0.0
ENSG100040,GENE041,DT004_SK493,8.439
ENSG100041,GENE042,DT004_SK493,0.0
ENSG100042,GENE043,DT004_SK493,0.066
ENSG100043,GENE044,DT004_SK493,6.136
ENSG100044,GENE045,DT004_SK493,6.068
ENSG100045,GENE046,DT004_SK493,11.782
ENSG100046,GENE047,DT004_SK493,0.0
ENSG100047,GENE048,DT004_SK493,9.745
ENSG100048,GENE049,DT004_SK493,0.0
ENSG100049,GENE050,DT004_SK493,2.611
ENSG100000,GENE001,DT005_LI376,0.0
ENSG100001,GENE002,DT005_LI376,0.437
ENSG100002,GENE003,DT005_LI376,6.912
ENSG100003,GENE004,DT005_LI376,0.0
ENSG100004,GENE005,DT005_LI376,0.457
ENSG100005,GENE006,DT005_LI376,4.238
ENSG100006,GENE007,DT005_LI376,0.338
ENSG100007,GENE008,DT005_LI376,1.072
ENSG100008,GENE009,DT005_LI376,0.0
ENSG100009,GENE010,DT005_LI376,7.342
ENSG100010,GENE011,DT005_LI376,0.033
ENSG100011,GENE012,DT005_LI376,0.74
ENSG100012,GENE013,DT005_LI376,1.819
ENSG100013,GENE014,DT005_LI376,1.466
ENSG100014,GENE015,DT005_LI376,0.141
ENSG100015,GENE016,DT005_LI376,7.733
ENSG100016,GENE017,DT005_LI376,10.355
ENSG100017,GENE018,DT005_LI376,5.82
ENSG100018,GENE019,DT005_LI376,4.882
ENSG100019,GENE020,DT005_LI376,5.108
ENSG100020,GENE021,DT005_LI376,0.407
ENSG100021,GENE022,DT005_LI376,1.638
ENSG100022,GENE023,DT005_LI376,0.433
ENSG100023,GENE024,DT005_LI376,3.823
ENSG100024,GENE025,DT005_LI376,0.0
ENSG100025,GENE026,DT005_LI376,0.0
ENSG100026,GENE027,DT005_LI376,0.988
ENSG100027,GENE028,DT005_LI376,1.084
ENSG100028,GENE029,DT005_LI376,0.0
ENSG100029,GENE030,DT005_LI376,10.471
ENSG100030,GENE031,DT005_LI376,0.373
ENSG100031,GENE032,DT005_LI376,0.495
ENSG100032,GENE033,DT005_LI376,0.0
ENSG100033,GENE034,DT005_LI376,0.0
ENSG100034,GENE035,DT005_LI376,0.0
ENSG100035,GENE036,DT005_LI376,2.918
ENSG100036,GENE037,DT005_LI376,0.0
ENSG100037,GENE038,DT005_LI376,0.528
ENSG100038,GENE039,DT005_LI376,4.687
ENSG100039,GENE040,DT005_LI376,0.562
ENSG100040,GENE041,DT005_LI376,0.25
ENSG100041,GENE042,DT005_LI376,0.0
ENSG100042,GENE043,DT005_LI376,0.0
ENSG100043,GENE044,DT005_LI376,0.592
ENSG100044,GENE045,DT005_LI376,1.564
ENSG100045,GENE046,DT005_LI376,13.71
ENSG100046,GENE047,DT005_LI376,0.0
ENSG100047,GENE048,DT005_LI376,5.419
ENSG100048,GENE049,DT005_LI376,0.951
ENSG100049,GENE050,DT005_LI376,2.888
ENSG100000,GENE001,DT005_LU135,0.653
ENSG100001,GENE002,DT005_LU135,0.672
ENSG100002,GENE003,DT005_LU135,6.643
ENSG100003,GENE004,DT005_LU135,1.111
ENSG100004,GENE005,DT005_LU135,2.266
ENSG100005,GENE006,DT005_LU135,1.46
ENSG100006,GENE007,DT005_LU135,0.155
ENSG100007,GENE008,DT005_LU135,0.04
ENSG100008,GENE009,DT005_LU135,0.047
ENSG100009,GENE010,DT005_LU135,24.574
ENSG100010,GENE011,DT005_LU135,0.731
ENSG100011,GENE012,DT005_LU135,12.398
ENSG100012,GENE013,DT005_LU135,0.858
ENSG100013,GENE014,DT005_LU135,1.101
ENSG100014,GENE015,DT005_LU135,0.0
ENSG100015,GENE016,DT005_LU135,9.984
ENSG100016,GENE017,DT005_LU135,5.326
ENSG100017,GENE018,DT005_LU135,0.001
ENSG100018,GENE019,DT005_LU135,1.992
ENSG100019,GENE020,DT005_LU135,3.825
ENSG100020,GENE021,DT005_LU135,3.302
ENSG100021,GENE022,DT005_LU135,0.775
ENSG100022,GENE023,DT005_LU135,0.436
ENSG100023,GENE024,DT005_LU135,1.31
ENSG100024,GENE025,DT005_LU135,0.401
ENSG100025,GENE026,DT005_LU135,0.0
ENSG100026,GENE027,DT005_LU135,7.518
ENSG100027,GENE028,DT005_LU135,0.0
ENSG100028,GENE029,DT005_LU135,0.0
ENSG100029,GENE030,DT005_LU135,3.897
ENSG100030,GENE031,DT005_LU135,0.289
ENSG100031,GENE032,DT005_LU135,0.88
ENSG100032,GENE033,DT005_LU135,2.832
ENSG100033,GENE034,DT005_LU135,0.0
ENSG100034,GENE035,DT005_LU135,0.0
ENSG100035,GENE036,DT005_LU135,0.093
ENSG100036,GENE037,DT005_LU135,5.834
ENSG100037,GENE038,DT005_LU135,0.011
ENSG100038,GENE039,DT005_LU135,1.668
ENSG100039,GENE040,DT005_LU135,0.0
ENSG100040,GENE041,DT005_LU135,3.319
ENSG100041,GENE042,DT005_LU135,0.0
ENSG100042,GENE043,DT005_LU135,2.38
ENSG100043,GENE044,DT005_LU135,4.372
ENSG100044,GENE045,DT005_LU135,2.712
ENSG100045,GENE046,DT005_LU135,57.468
ENSG100046,GENE047,DT005_LU135,0.0
ENSG100047,GENE048,DT005_LU135,0.454
ENSG100048,GENE049,DT005_LU135,2.503
ENSG100049,GENE050,DT005_LU135,3.596
ENSG100000,GENE001,DT005_SK574,3.547
ENSG100001,GENE002,DT005_SK574,1.342
ENSG100002,GENE003,DT005_SK574,0.606
ENSG100003,GENE004,DT005_SK574,1.617
ENSG100004,GENE005,DT005_SK574,5.273
ENSG100005,GENE006,DT005_SK574,2.118
ENSG100006,GENE007,DT005_SK574,0.0
ENSG100007,GENE008,DT005_SK574,0.78
ENSG100008,GENE009,DT005_SK574,0.0
ENSG100009,GENE010,DT005_SK574,18.516
ENSG100010,GENE011,DT005_SK574,0.248
ENSG100011,GENE012,DT005_SK574,9.412
ENSG100012,GENE013,DT005_SK574,3.118
ENSG100013,GENE014,DT005_SK574,0.0
ENSG100014,GENE015,DT005_SK574,2.773
ENSG100015,GENE016,DT005_SK574,18.333
ENSG100016,GENE017,DT005_SK574,3.369
ENSG100017,GENE018,DT005_SK574,0.994
ENSG100018,GENE019,DT005_SK574,1.776
ENSG100019,GENE020,DT005_SK574,4.99
ENSG100020,GENE021,DT005_SK574,0.0
ENSG100021,GENE022,DT005_SK574,0.0
ENSG100022,GENE023,DT005_SK574,0.0
ENSG100023,GENE024,DT005_SK574,0.24
ENSG100024,GENE025,DT005_SK574,0.766
ENSG100025,GENE026,DT005_SK574,0.0
ENSG100026,GENE027,DT005_SK574,4.1
ENSG100027,GENE028,DT005_SK574,0.0
ENSG100028,GENE029,DT005_SK574,0.0
ENSG100029,GENE030,DT005_SK574,3.631
ENSG100030,GENE031,DT005_SK574,0.256
ENSG100031,GENE032,DT005_SK574,2.114
ENSG100032,GENE033,DT005_SK574,9.899
ENSG100033,GENE034,DT005_SK574,0.0
ENSG100034,GENE035,DT005_SK574,0.0
ENSG100035,GENE036,DT005_SK574,2.854
ENSG100036,GENE037,DT005_SK574,9.793
ENSG100037,GENE038,DT005_SK574,0.919
ENSG100038,GENE039,DT005_SK574,5.948
ENSG100039,GENE040,DT005_SK574,0.0
ENSG100040,GENE041,DT005_SK574,1.58
ENSG100041,GENE042,DT005_SK574,0.0
ENSG100042,GENE043,DT005_SK574,0.0
ENSG100043,GENE044,DT005_SK574,1.281
ENSG100044,GENE045,DT005_SK574,3.598
ENSG100045,GENE046,DT005_SK574,11.512
ENSG100046,GENE047,DT005_SK574,0.0
ENSG100047,GENE048,DT005_SK574,1.93
ENSG100048,GENE049,DT005_SK574,1.139
ENSG100049,GENE050,DT005_SK574,2.358
ENSG100000,GENE001,DT006_LI560,1.923
ENSG100001,GENE002,DT006_LI560,3.121
ENSG100002,GENE003,DT006_LI560,0.0
ENSG100003,GENE004,DT006_LI560,0.487
ENSG100004,GENE005,DT006_LI560,3.107
ENSG100005,GENE006,DT006_LI560,7.969
ENSG100006,GENE007,DT006_LI560,2.871
ENSG100007,GENE008,DT006_LI560,3.448
ENSG100008,GENE009,DT006_LI560,0.777
ENSG100009,GENE010,DT006_LI560,6.968
ENSG100010,GENE011,DT006_LI560,0.0
ENSG100011,GENE012,DT006_LI560,1.028
ENSG100012,GENE013,DT006_LI560,2.182
ENSG100013,GENE014,DT006_LI560,7.122
ENSG100014,GENE015,DT006_LI560,0.457
ENSG100015,GENE016,DT006_LI560,1.533
ENSG100016,GENE017,DT006_LI560,6.188
ENSG100017,GENE018,DT006_LI560,12.021
ENSG100018,GENE019,DT006_LI560,1.774
ENSG100019,GENE020,DT006_LI560,3.52
ENSG100020,GENE021,DT006_LI560,0.0
ENSG100021,GENE022,DT006_LI560,0.729
ENSG100022,GENE023,DT006_LI560,3.89
ENSG100023,GENE024,DT006_LI560,19.108
ENSG100024,GENE025,DT006_LI560,1.828
ENSG100025,GENE026,DT006_LI560,0.0
ENSG100026,GENE027,DT006_LI560,0.425
ENSG100027,GENE028,DT006_LI560,2.791
ENSG100028,GENE029,DT006_LI560,0.431
ENSG100029,GENE030,DT006_LI560,6.077
ENSG100030,GENE031,DT006_LI560,1.082
ENSG100031,GENE032,DT006_LI560,8.916
ENSG100032,GENE033,DT006_LI560,1.511
ENSG100033,GENE034,DT006_LI560,0.236
ENSG100034,GENE035,DT006_LI560,0.0
ENSG100035,GENE036,DT006_LI560,2.204
ENSG100036,GENE037,DT006_LI560,0.0
ENSG100037,GENE038,DT006_LI560,3.015
ENSG100038,GENE039,DT006_LI560,13.543
ENSG100039,GENE040,DT006_LI560,0.0
ENSG100040,GENE041,DT006_LI560,0.017
ENSG100041,GENE042,DT006_LI560,0.0
ENSG100042,GENE043,DT006_LI560,0.0
ENSG100043,GENE044,DT006_LI560,0.526
ENSG100044,GENE045,DT006_LI560,11.917
ENSG100045,GENE046,DT006_LI560,20.557
ENSG100046,GENE047,DT006_LI560,0.483
ENSG100047,GENE048,DT006_LI560,26.085
ENSG100048,GENE049,DT006_LI560,7.49
ENSG100049,GENE050,DT006_LI560,10.009
ENSG100000,GENE001,DT006_LU778,1.422
ENSG100001,GENE002,DT006_LU778,1.275
ENSG100002,GENE003,DT006_LU778,8.737
ENSG100003,GENE004,DT006_LU778,1.729
ENSG100004,GENE005,DT006_LU778,3.161
ENSG100005,GENE006,DT006_LU778,0.904
ENSG100006,GENE007,DT006_LU778,4.632
ENSG100007,GENE008,DT006_LU778,2.244
ENSG100008,GENE009,DT006_LU778,0.677
ENSG100009,GENE010,DT006_LU778,10.065
ENSG100010,GENE011,DT006_LU778,1.3
ENSG100011,GENE012,DT006_LU778,6.962
ENSG100012,GENE013,DT006_LU778,5.987
ENSG100013,GENE014,DT006_LU778,6.839
ENSG100014,GENE015,DT006_LU778,0.071
ENSG100015,GENE016,DT006_LU778,5.228
ENSG100016,GENE017,DT006_LU778,4.505
ENSG100017,GENE018,DT006_LU778,3.91
ENSG100018,GENE019,DT006_LU778,8.99
ENSG100019,GENE020,DT006_LU778,2.82
ENSG100020,GENE021,DT006_LU778,0.661
ENSG100021,GENE022,DT006_LU778,0.518
ENSG100022,GENE023,DT006_LU778,0.0
ENSG100023,GENE024,DT006_LU778,8.861
ENSG100024,GENE025,DT006_LU778,0.982
ENSG100025,GENE026,DT006_LU778,1.74
ENSG100026,GENE027,DT006_LU778,2.595
ENSG100027,GENE028,DT006_LU778,0.149
ENSG100028,GENE029,DT006_LU778,0.0
ENSG100029,GENE030,DT006_LU778,5.378
ENSG100030,GENE031,DT006_LU778,0.418
ENSG100031,GENE032,DT006_LU778,1.829
ENSG100032,GENE033,DT006_LU778,2.965
ENSG100033,GENE034,DT006_LU778,0.0
ENSG100034,GENE035,DT006_LU778,0.614
ENSG100035,GENE036,DT006_LU778,0.0
ENSG100036,GENE037,DT006_LU778,7.111
ENSG100037,GENE038,DT006_LU778,0.672
ENSG100038,GENE039,DT006_LU778,3.888
ENSG100039,GENE040,DT006_LU778,0.0
ENSG100040,GENE041,DT006_LU778,1.27
ENSG100041,GENE042,DT006_LU778,0.0
ENSG100042,GENE043,DT006_LU778,0.583
ENSG100043,GENE044,DT006_LU778,3.301
ENSG100044,GENE045,DT006_LU778,8.45
ENSG100045,GENE046,DT006_LU778,16.557
ENSG100046,GENE047,DT006_LU778,0.0
ENSG100047,GENE048,DT006_LU778,5.364
ENSG100048,GENE049,DT006_LU778,11.413
ENSG100049,GENE050,DT006_LU778,28.887
ENSG100000,GENE001,DT006_SK747,4.249
ENSG100001,GENE002,DT006_SK747,3.217
ENSG100002,GENE003,DT006_SK747,1.155
ENSG100003,GENE004,DT006_SK747,1.84
ENSG100004,GENE005,DT006_SK747,9.664
ENSG100005,GENE006,DT006_SK747,1.347
ENSG100006,GENE007,DT006_SK747,4.164
ENSG100007,GENE008,DT006_SK747,3.952
ENSG100008,GENE009,DT006_SK747,1.32
ENSG100009,GENE010,DT006_SK747,39.11
ENSG100010,GENE011,DT006_SK747,3.693
ENSG100011,GENE012,DT006_SK747,4.469
ENSG100012,GENE013,DT006_SK747,8.732
ENSG100013,GENE014,DT006_SK747,3.506
ENSG100014,GENE015,DT006_SK747,2.936
ENSG100015,GENE016,DT006_SK747,6.195
ENSG100016,GENE017,DT006_SK747,2.466
ENSG100017,GENE018,DT006_SK747,5.959
ENSG100018,GENE019,DT006_SK747,0.561
ENSG100019,GENE020,DT006_SK747,6.326
ENSG100020,GENE021,DT006_SK747,0.763
ENSG100021,GENE022,DT006_SK747,0.0
ENSG100022,GENE023,DT006_SK747,0.805
ENSG100023,GENE024,DT006_SK747,3.973
ENSG100024,GENE025,DT006_SK747,2.439
ENSG100025,GENE026,DT006_SK747,0.199
ENSG100026,GENE027,DT006_SK747,2.78
ENSG100027,GENE028,DT006_SK747,0.005
ENSG100028,GENE029,DT006_SK747,0.0
ENSG100029,GENE030,DT006_SK747,10.665
ENSG100030,GENE031,DT006_SK747,0.489
ENSG100031,GENE032,DT006_SK747,5.429
ENSG100032,GENE033,DT006_SK747,5.987
ENSG100033,GENE034,DT006_SK747,0.91
ENSG100034,GENE035,DT006_SK747,0.0
ENSG100035,GENE036,DT006_SK747,0.753
ENSG100036,GENE037,DT006_SK747,10.425
ENSG100037,GENE038,DT006_SK747,0.695
ENSG100038,GENE039,DT006_SK747,16.269
ENSG100039,GENE040,DT006_SK747,0.0
ENSG100040,GENE041,DT006_SK747,5.027
ENSG100041,GENE042,DT006_SK747,0.0
ENSG100042,GENE043,DT006_SK747,0.0
ENSG100043,GENE044,DT006_SK747,1.501
ENSG100044,GENE045,DT006_SK747,11.955
ENSG100045,GENE046,DT006_SK747,8.532
ENSG100046,GENE047,DT006_SK747,0.0
ENSG100047,GENE048,DT006_SK747,25.336
ENSG100048,GENE049,DT006_SK747,2.346
ENSG100049,GENE050,DT006_SK747,3.302
ENSG100000,GENE001,DT007_LI280,0.605
ENSG100001,GENE002,DT007_LI280,4.839
ENSG100002,GENE003,DT007_LI280,30.889
ENSG100003,GENE004,DT007_LI280,2.029
ENSG100004,GENE005,DT007_LI280,0.488
ENSG100005,GENE006,DT007_LI280,7.722
ENSG100006,GENE007,DT007_LI280,1.394
ENSG100007,GENE008,DT007_LI280,1.018
ENSG100008,GENE009,DT007_LI280,0.0
ENSG100009,GENE010,DT007_LI280,3.665
ENSG100010,GENE011,DT007_LI280,0.624
ENSG100011,GENE012,DT007_LI280,0.099
ENSG100012,GENE013,DT007_LI280,2.338
ENSG100013,GENE014,DT007_LI280,0.973
ENSG100014,GENE015,DT007_LI280,1.08
ENSG100015,GENE016,DT007_LI280,6.542
ENSG100016,GENE017,DT007_LI280,3.2
ENSG100017,GENE018,DT007_LI280,7.242
ENSG100018,GENE019,DT007_LI280,0.845
ENSG100019,GENE020,DT007_LI280,13.568
ENSG100020,GENE021,DT007_LI280,0.663
ENSG100021,GENE022,DT007_LI280,1.061
ENSG100022,GENE023,DT007_LI280,2.923
ENSG100023,GENE024,DT007_LI280,5.294
ENSG100024,GENE025,DT007_LI280,0.942
ENSG100025,GENE026,DT007_LI280,0.0
ENSG100026,GENE027,DT007_LI280,0.089
ENSG100027,GENE028,DT007_LI280,0.124
ENSG100028,GENE029,DT007_LI280,0.0
ENSG100029,GENE030,DT007_LI280,13.978
ENSG100030,GENE031,DT007_LI280,1.124
ENSG100031,GENE032,DT007_LI280,2.679
ENSG100032,GENE033,DT007_LI280,2.298
ENSG100033,GENE034,DT007_LI280,0.0
ENSG100034,GENE035,DT007_LI280,0.0
ENSG100035,GENE036,DT007_LI280,9.305
ENSG100036,GENE037,DT007_LI280,0.0
ENSG100037,GENE038,DT007_LI280,1.318
ENSG100038,GENE039,DT007_LI280,4.474
ENSG100039,GENE040,DT007_LI280,0.0
ENSG100040,GENE041,DT007_LI280,0.0
ENSG100041,GENE042,DT007_LI280,2.619
ENSG100042,GENE043,DT007_LI280,0.0
ENSG100043,GENE044,DT007_LI280,0.0
ENSG100044,GENE045,DT007_LI280,9.147
ENSG100045,GENE046,DT007_LI280,19.061
ENSG100046,GENE047,DT007_LI280,0.0
ENSG100047,GENE048,DT007_LI280,13.92
ENSG100048,GENE049,DT007_LI280,17.758
ENSG100049,GENE050,DT007_LI280,2.07
ENSG100000,GENE001,DT007_LU838,0.404
ENSG100001,GENE002,DT007_LU838,3.869
ENSG100002,GENE003,DT007_LU838,6.809
ENSG100003,GENE004,DT007_LU838,4.25
ENSG100004,GENE005,DT007_LU838,0.0
ENSG100005,GENE006,DT007_LU838,2.384
ENSG100006,GENE007,DT007_LU838,0.39
ENSG100007,GENE008,DT007_LU838,0.92
ENSG100008,GENE009,DT007_LU838,1.774
ENSG100009,GENE010,DT007_LU838,9.766
ENSG100010,GENE011,DT007_LU838,0.786
ENSG100011,GENE012,DT007_LU838,3.204
ENSG100012,GENE013,DT007_LU838,3.193
ENSG100013,GENE014,DT007_LU838,0.0
ENSG100014,GENE015,DT007_LU838,0.573
ENSG100015,GENE016,DT007_LU838,6.163
ENSG100016,GENE017,DT007_LU838,3.343
ENSG100017,GENE018,DT007_LU838,0.57
ENSG100018,GENE019,DT007_LU838,3.285
ENSG100019,GENE020,DT007_LU838,11.004
ENSG100020,GENE021,DT007_LU838,0.442
ENSG100021,GENE022,DT007_LU838,0.025
ENSG100022,GENE023,DT007_LU838,2.868
ENSG100023,GENE024,DT007_LU838,5.365
ENSG100024,GENE025,DT007_LU838,2.381
ENSG100025,GENE026,DT007_LU838,0.0
ENSG100026,GENE027,DT007_LU838,2.372
ENSG100027,GENE028,DT007_LU838,0.0
ENSG100028,GENE029,DT007_LU838,0.0
ENSG100029,GENE030,DT007_LU838,10.782
ENSG100030,GENE031,DT007_LU838,0.276
ENSG100031,GENE032,DT007_LU838,1.172
ENSG100032,GENE033,DT007_LU838,1.36
ENSG100033,GENE034,DT007_LU838,0.024
ENSG100034,GENE035,DT007_LU838,0.043
ENSG100035,GENE036,DT007_LU838,0.544
ENSG100036,GENE037,DT007_LU838,3.779
ENSG100037,GENE038,DT007_LU838,0.0
ENSG100038,GENE039,DT007_LU838,2.185
ENSG100039,GENE040,DT007_LU838,0.0
ENSG100040,GENE041,DT007_LU838,0.184
ENSG100041,GENE042,DT007_LU838,0.0
ENSG100042,GENE043,DT007_LU838,0.709
ENSG100043,GENE044,DT007_LU838,0.0
ENSG100044,GENE045,DT007_LU838,25.247
ENSG100045,GENE046,DT007_LU838,15.032
ENSG100046,GENE047,DT007_LU838,0.0
ENSG100047,GENE048,DT007_LU838,0.192
ENSG100048,GENE049,DT007_LU838,8.296
ENSG100049,GENE050,DT007_LU838,1.894
ENSG100000,GENE001,DT007_SK543,3.165
ENSG100001,GENE002,DT007_SK543,4.746
ENSG100002,GENE003,DT007_SK543,0.64
ENSG100003,GENE004,DT007_SK543,5.247
ENSG100004,GENE005,DT007_SK543,0.844
ENSG100005,GENE006,DT007_SK543,12.852
ENSG100006,GENE007,DT007_SK543,0.039
ENSG100007,GENE008,DT007_SK543,0.0
ENSG100008,GENE009,DT007_SK543,0.943
ENSG100009,GENE010,DT007_SK543,16.601
ENSG100010,GENE011,DT007_SK543,2.122
ENSG100011,GENE012,DT007_SK543,0.0
ENSG100012,GENE013,DT007_SK543,9.96
ENSG100013,GENE014,DT007_SK543,0.0
ENSG100014,GENE015,DT007_SK543,5.076
ENSG100015,GENE016,DT007_SK543,11.253
ENSG100016,GENE017,DT007_SK543,1.289
ENSG100017,GENE018,DT007_SK543,1.653
ENSG100018,GENE019,DT007_SK543,0.0
ENSG100019,GENE020,DT007_SK543,6.037
ENSG100020,GENE021,DT007_SK543,0.348
ENSG100021,GENE022,DT007_SK543,0.0
ENSG100022,GENE023,DT007_SK543,0.285
ENSG100023,GENE024,DT007_SK543,0.66
ENSG100024,GENE025,DT007_SK543,1.857
ENSG100025,GENE026,DT007_SK543,0.0
ENSG100026,GENE027,DT007_SK543,0.413
ENSG100027,GENE028,DT007_SK543,0.0
ENSG100028,GENE029,DT007_SK543,0.0
ENSG100029,GENE030,DT007_SK543,6.182
ENSG100030,GENE031,DT007_SK543,2.184
ENSG100031,GENE032,DT007_SK543,4.697
ENSG100032,GENE033,DT007_SK543,0.0
ENSG100033,GENE034,DT007_SK543,0.0
ENSG100034,GENE035,DT007_SK543,0.0
ENSG100035,GENE036,DT007_SK543,2.588
ENSG100036,GENE037,DT007_SK543,5.644
ENSG100037,GENE038,DT007_SK543,0.137
ENSG100038,GENE039,DT007_SK543,4.579
ENSG100039,GENE040,DT007_SK543,0.0
ENSG100040,GENE041,DT007_SK543,1.698
ENSG100041,GENE042,DT007_SK543,0.0
ENSG100042,GENE043,DT007_SK543,0.0
ENSG100043,GENE044,DT007_SK543,6.038
ENSG100044,GENE045,DT007_SK543,8.911
ENSG100045,GENE046,DT007_SK543,11.095
ENSG100046,GENE047,DT007_SK543,0.272
ENSG100047,GENE048,DT007_SK543,13.04
ENSG100048,GENE049,DT007_SK543,5.291
ENSG100049,GENE050,DT007_SK543,0.0
ENSG100000,GENE001,DT008_LI586,0.0
ENSG100001,GENE002,DT008_LI586,3.452
ENSG100002,GENE003,DT008_LI586,30.433
ENSG100003,GENE004,DT008_LI586,0.252
ENSG100004,GENE005,DT008_LI586,0.0
ENSG100005,GENE006,DT008_LI586,3.3
ENSG100006,GENE007,DT008_LI586,1.73
ENSG100007,GENE008,DT008_LI586,0.0
ENSG100008,GENE009,DT008_LI586,0.0
ENSG100009,GENE010,DT008_LI586,4.697
ENSG100010,GENE011,DT008_LI586,0.0
ENSG100011,GENE012,DT008_LI586,0.816
ENSG100012,GENE013,DT008_LI586,6.945
ENSG100013,GENE014,DT008_LI586,5.049
ENSG100014,GENE015,DT008_LI586,0.0
ENSG100015,GENE016,DT008_LI586,2.45
ENSG100016,GENE017,DT008_LI586,7.474
ENSG100017,GENE018,DT008_LI586,2.414
ENSG100018,GENE019,DT008_LI586,3.923
ENSG100019,GENE020,DT008_LI586,4.707
ENSG100020,GENE021,DT008_LI586,0.387
ENSG100021,GENE022,DT008_LI586,1.073
ENSG100022,GENE023,DT008_LI586,8.204
ENSG100023,GENE024,DT008_LI586,3.759
ENSG100024,GENE025,DT008_LI586,0.186
ENSG100025,GENE026,DT008_LI586,0.0
ENSG100026,GENE027,DT008_LI586,1.144
ENSG100027,GENE028,DT008_LI586,0.865
ENSG100028,GENE029,DT008_LI586,0.0
ENSG100029,GENE030,DT008_LI586,9.445
ENSG100030,GENE031,DT008_LI586,0.403
ENSG100031,GENE032,DT008_LI586,1.766
ENSG100032,GENE033,DT008_LI586,4.426
ENSG100033,GENE034,DT008_LI586,0.0
ENSG100034,GENE035,DT008_LI586,0.0
ENSG100035,GENE036,DT008_LI586,3.119
ENSG100036,GENE037,DT008_LI586,0.0
ENSG100037,GENE038,DT008_LI586,0.334
ENSG100038,GENE039,DT008_LI586,6.551
ENSG100039,GENE040,DT008_LI586,0.0
ENSG100040,GENE041,DT008_LI586,0.3
ENSG100041,GENE042,DT008_LI586,0.672
ENSG100042,GENE043,DT008_LI586,0.0
ENSG100043,GENE044,DT008_LI586,0.01
ENSG100044,GENE045,DT008_LI586,7.789
ENSG100045,GENE046,DT008_LI586,13.827
ENSG100046,GENE047,DT008_LI586,0.0
ENSG100047,GENE048,DT008_LI586,21.22
ENSG100048,GENE049,DT008_LI586,5.728
ENSG100049,GENE050,DT008_LI586,4.466
ENSG100000,GENE001,DT008_LU149,0.0
ENSG100001,GENE002,DT008_LU149,0.759
ENSG100002,GENE003,DT008_LU149,29.67
ENSG100003,GENE004,DT008_LU149,2.891
ENSG100004,GENE005,DT008_LU149,0.466
ENSG100005,GENE006,DT008_LU149,0.025
ENSG100006,GENE007,DT008_LU149,2.389
ENSG100007,GENE008,DT008_LU149,1.47
ENSG100008,GENE009,DT008_LU149,0.251
ENSG100009,GENE010,DT008_LU149,12.742
ENSG100010,GENE011,DT008_LU149,1.894
ENSG100011,GENE012,DT008_LU149,5.475
ENSG100012,GENE013,DT008_LU149,1.807
ENSG100013,GENE014,DT008_LU149,2.565
ENSG100014,GENE015,DT008_LU149,0.618
ENSG100015,GENE016,DT008_LU149,0.944
ENSG100016,GENE017,DT008_LU149,3.01
ENSG100017,GENE018,DT008_LU149,0.526
ENSG100018,GENE019,DT008_LU149,4.965
ENSG100019,GENE020,DT008_LU149,6.046
ENSG100020,GENE021,DT008_LU149,0.035
ENSG100021,GENE022,DT008_LU149,0.192
ENSG100022,GENE023,DT008_LU149,0.0
ENSG100023,GENE024,DT008_LU149,3.039
ENSG100024,GENE025,DT008_LU149,0.47
ENSG100025,GENE026,DT008_LU149,0.0
ENSG100026,GENE027,DT008_LU149,0.0
ENSG100027,GENE028,DT008_LU149,0.106
ENSG100028,GENE029,DT008_LU149,0.009
ENSG100029,GENE030,DT008_LU149,8.691
ENSG100030,GENE031,DT008_LU149,0.0
ENSG100031,GENE032,DT008_LU149,0.032
ENSG100032,GENE033,DT008_LU149,3.472
ENSG100033,GENE034,DT008_LU149,0.0
ENSG100034,GENE035,DT008_LU149,0.251
ENSG100035,GENE036,DT008_LU149,0.0
ENSG100036,GENE037,DT008_LU149,7.471
ENSG100037,GENE038,DT008_LU149,0.0
ENSG100038,GENE039,DT008_LU149,1.624
ENSG100039,GENE040,DT008_LU149,0.0
ENSG100040,GENE041,DT008_LU149,2.53
ENSG100041,GENE042,DT008_LU149,0.0
ENSG100042,GENE043,DT008_LU149,6.746
ENSG100043,GENE044,DT008_LU149,0.0
ENSG100044,GENE045,DT008_LU149,11.786
ENSG100045,GENE046,DT008_LU149,22.729
ENSG100046,GENE047,DT008_LU149,0.0
ENSG100047,GENE048,DT008_LU149,3.306
ENSG100048,GENE049,DT008_LU149,9.783
ENSG100049,GENE050,DT008_LU149,11.676
ENSG100000,GENE001,DT008_SK282,4.371
ENSG100001,GENE002,DT008_SK282,8.786
ENSG100002,GENE003,DT008_SK282,2.883
ENSG100003,GENE004,DT008_SK282,4.143
ENSG100004,GENE005,DT008_SK282,0.651
ENSG100005,GENE006,DT008_SK282,1.237
ENSG100006,GENE007,DT008_SK282,1.797
ENSG100007,GENE008,DT008_SK282,1.544
ENSG100008,GENE009,DT008_SK282,0.395
ENSG100009,GENE010,DT008_SK282,6.664
ENSG100010,GENE011,DT008_SK282,0.184
ENSG100011,GENE012,DT008_SK282,1.569
ENSG100012,GENE013,DT008_SK282,11.892
ENSG100013,GENE014,DT008_SK282,2.366
ENSG100014,GENE015,DT008_SK282,0.0
ENSG100015,GENE016,DT008_SK282,2.755
ENSG100016,GENE017,DT008_SK282,0.0
ENSG100017,GENE018,DT008_SK282,1.368
ENSG100018,GENE019,DT008_SK282,1.216
ENSG100019,GENE020,DT008_SK282,8.949
ENSG100020,GENE021,DT008_SK282,0.0
ENSG100021,GENE022,DT008_SK282,0.0
ENSG100022,GENE023,DT008_SK282,0.0
ENSG100023,GENE024,DT008_SK282,2.077
ENSG100024,GENE025,DT008_SK282,0.493
ENSG100025,GENE026,DT008_SK282,0.0
ENSG100026,GENE027,DT008_SK282,3.525
ENSG100027,GENE028,DT008_SK282,0.116
ENSG100028,GENE029,DT008_SK282,0.0
ENSG100029,GENE030,DT008_SK282,2.91
ENSG100030,GENE031,DT008_SK282,0.368
ENSG100031,GENE032,DT008_SK282,3.093
ENSG100032,GENE033,DT008_SK282,10.38
ENSG100033,GENE034,DT008_SK282,0.0
ENSG100034,GENE035,DT008_SK282,0.0
ENSG100035,GENE036,DT008_SK282,0.72
ENSG100036,GENE037,DT008_SK282,8.488
ENSG100037,GENE038,DT008_SK282,0.09
ENSG100038,GENE039,DT008_SK282,5.92
ENSG100039,GENE040,DT008_SK282,0.0
ENSG100040,GENE041,DT008_SK282,1.807
ENSG100041,GENE042,DT008_SK282,0.073
ENSG100042,GENE043,DT008_SK282,0.0
ENSG100043,GENE044,DT008_SK282,2.701
ENSG100044,GENE045,DT008_SK282,22.452
ENSG100045,GENE046,DT008_SK282,13.399
ENSG100046,GENE047,DT008_SK282,0.0
ENSG100047,GENE048,DT008_SK282,16.774
ENSG100048,GENE049,DT008_SK282,2.642
ENSG100049,GENE050,DT008_SK282,3.888
ENSG100000,GENE001,DT009_LI360,0.514
ENSG100001,GENE002,DT009_LI360,1.712
ENSG100002,GENE003,DT009_LI360,40.564
ENSG100003,GENE004,DT009_LI360,1.786
ENSG100004,GENE005,DT009_LI360,1.211
ENSG100005,GENE006,DT009_LI360,10.593
ENSG100006,GENE007,DT009_LI360,0.397
ENSG100007,GENE008,DT009_LI360,0.062
ENSG100008,GENE009,DT009_LI360,0.0
ENSG100009,GENE010,DT009_LI360,13.775
ENSG100010,GENE011,DT009_LI360,0.0
ENSG100011,GENE012,DT009_LI360,0.163
ENSG100012,GENE013,DT009_LI360,2.164
ENSG100013,GENE014,DT009_LI360,5.219
ENSG100014,GENE015,DT009_LI360,1.067
ENSG100015,GENE016,DT009_LI360,3.434
ENSG100016,GENE017,DT009_LI360,5.981
ENSG100017,GENE018,DT009_LI360,6.844
ENSG100018,GENE019,DT009_LI360,3.015
ENSG100019,GENE020,DT009_LI360,2.162
ENSG100020,GENE021,DT009_LI360,0.174
ENSG100021,GENE022,DT009_LI360,0.049
ENSG100022,GENE023,DT009_LI360,2.786
ENSG100023,GENE024,DT009_LI360,7.815
ENSG100024,GENE025,DT009_LI360,1.541
ENSG100025,GENE026,DT009_LI360,0.0
ENSG100026,GENE027,DT009_LI360,0.332
ENSG100027,GENE028,DT009_LI360,0.827
ENSG100028,GENE029,DT009_LI360,0.0
ENSG100029,GENE030,DT009_LI360,9.416
ENSG100030,GENE031,DT009_LI360,1.159
ENSG100031,GENE032,DT009_LI360,2.019
ENSG100032,GENE033,DT009_LI360,3.166
ENSG100033,GENE034,DT009_LI360,0.0
ENSG100034,GENE035,DT009_LI360,0.0
ENSG100035,GENE036,DT009_LI360,5.774
ENSG100036,GENE037,DT009_LI360,0.501
ENSG100037,GENE038,DT009_LI360,2.781
ENSG100038,GENE039,DT009_LI360,5.992
ENSG100039,GENE040,DT009_LI360,0.0
ENSG100040,GENE041,DT009_LI360,1.042
ENSG100041,GENE042,DT009_LI360,0.644
ENSG100042,GENE043,DT009_LI360,0.0
ENSG100043,GENE044,DT009_LI360,1.241
ENSG100044,GENE045,DT009_LI360,3.815
ENSG100045,GENE046,DT009_LI360,13.031
ENSG100046,GENE047,DT009_LI360,0.0
ENSG100047,GENE048,DT009_LI360,4.899
ENSG100048,GENE049,DT009_LI360,4.962
ENSG100049,GENE050,DT009_LI360,0.0
ENSG100000,GENE001,DT009_LU874,0.131
ENSG100001,GENE002,DT009_LU874,1.595
ENSG100002,GENE003,DT009_LU874,0.0
ENSG100003,GENE004,DT009_LU874,12.428
ENSG100004,GENE005,DT009_LU874,1.878
ENSG100005,GENE006,DT009_LU874,3.447
ENSG100006,GENE007,DT009_LU874,0.511
ENSG100007,GENE008,DT009_LU874,1.35
ENSG100008,GENE009,DT009_LU874,0.438
ENSG100009,GENE010,DT009_LU874,23.697
ENSG100010,GENE011,DT009_LU874,0.651
ENSG100011,GENE012,DT009_LU874,3.643
ENSG100012,GENE013,DT009_LU874,1.103
ENSG100013,GENE014,DT009_LU874,2.25
ENSG100014,GENE015,DT009_LU874,1.741
ENSG100015,GENE016,DT009_LU874,0.0
ENSG100016,GENE017,DT009_LU874,4.771
ENSG100017,GENE018,DT009_LU874,1.951
ENSG100018,GENE019,DT009_LU874,4.215
ENSG100019,GENE020,DT009_LU874,3.395
ENSG100020,GENE021,DT009_LU874,0.0
ENSG100021,GENE022,DT009_LU874,0.0
ENSG100022,GENE023,DT009_LU874,5.488
ENSG100023,GENE024,DT009_LU874,2.758
ENSG100024,GENE025,DT009_LU874,1.38
ENSG100025,GENE026,DT009_LU874,1.278
ENSG100026,GENE027,DT009_LU874,3.117
ENSG100027,GENE028,DT009_LU874,0.0
ENSG100028,GENE029,DT009_LU874,0.0
ENSG100029,GENE030,DT009_LU874,2.319
ENSG100030,GENE031,DT009_LU874,1.046
ENSG100031,GENE032,DT009_LU874,0.0
ENSG100032,GENE033,DT009_LU874,4.28
ENSG100033,GENE034,DT009_LU874,0.0
ENSG100034,GENE035,DT009_LU874,0.0
ENSG100035,GENE036,DT009_LU874,0.0
ENSG100036,GENE037,DT009_LU874,4.235
ENSG100037,GENE038,DT009_LU874,0.992
ENSG100038,GENE039,DT009_LU874,2.2
ENSG100039,GENE040,DT009_LU874,0.0
ENSG100040,GENE041,DT009_LU874,5.463
ENSG100041,GENE042,DT009_LU874,0.0
ENSG100042,GENE043,DT009_LU874,0.472
ENSG100043,GENE044,DT009_LU874,2.284
ENSG100044,GENE045,DT009_LU874,2.665
ENSG100045,GENE046,DT009_LU874,20.168
ENSG100046,GENE047,DT009_LU874,0.0
ENSG100047,GENE048,DT009_LU874,1.294
ENSG100048,GENE049,DT009_LU874,3.404
ENSG100049,GENE050,DT009_LU874,13.595
ENSG100000,GENE001,DT009_SK770,3.212
ENSG100001,GENE002,DT009_SK770,3.71
ENSG100002,GENE003,DT009_SK770,1.064
ENSG100003,GENE004,DT009_SK770,9.683
ENSG100004,GENE005,DT009_SK770,1.338
ENSG100005,GENE006,DT009_SK770,4.439
ENSG100006,GENE007,DT009_SK770,2.058
ENSG100007,GENE008,DT009_SK770,0.356
ENSG100008,GENE009,DT009_SK770,0.0
ENSG100009,GENE010,DT009_SK770,15.061
ENSG100010,GENE011,DT009_SK770,0.0
ENSG100011,GENE012,DT009_SK770,1.581
ENSG100012,GENE013,DT009_SK770,1.858
ENSG100013,GENE014,DT009_SK770,1.698
ENSG100014,GENE015,DT009_SK770,8.11
ENSG100015,GENE016,DT009_SK770,4.79
ENSG100016,GENE017,DT009_SK770,1.988
ENSG100017,GENE018,DT009_SK770,1.994
ENSG100018,GENE019,DT009_SK770,0.888
ENSG100019,GENE020,DT009_SK770,2.888
ENSG100020,GENE021,DT009_SK770,0.0
ENSG100021,GENE022,DT009_SK770,0.0
ENSG100022,GENE023,DT009_SK770,0.0
ENSG100023,GENE024,DT009_SK770,2.188
ENSG100024,GENE025,DT009_SK770,2.48
ENSG100025,GENE026,DT009_SK770,0.0
ENSG100026,GENE027,DT009_SK770,0.0
ENSG100027,GENE028,DT009_SK770,0.0
ENSG100028,GENE029,DT009_SK770,0.0
ENSG100029,GENE030,DT009_SK770,6.221
ENSG100030,GENE031,DT009_SK770,1.586
ENSG100031,GENE032,DT009_SK770,0.651
ENSG100032,GENE033,DT009_SK770,6.234
ENSG100033,GENE034,DT009_SK770,0.0
ENSG100034,GENE035,DT009_SK770,0.0
ENSG100035,GENE036,DT009_SK770,0.643
ENSG100036,GENE037,DT009_SK770,11.835
ENSG100037,GENE038,DT009_SK770,4.61
ENSG100038,GENE039,DT009_SK770,6.629
ENSG100039,GENE040,DT009_SK770,0.0
ENSG100040,GENE041,DT009_SK770,15.027
ENSG100041,GENE042,DT009_SK770,0.0
ENSG100042,GENE043,DT009_SK770,0.573
ENSG100043,GENE044,DT009_SK770,2.799
ENSG100044,GENE045,DT009_SK770,5.276
ENSG100045,GENE046,DT009_SK770,18.86
ENSG100046,GENE047,DT009_SK770,0.0
ENSG100047,GENE048,DT009_SK770,11.319
ENSG100048,GENE049,DT009_SK770,4.785
ENSG100049,GENE050,DT009_SK770,4.899
ENSG100000,GENE001,DT010_LI176,0.062
ENSG100001,GENE002,DT010_LI176,4.784
ENSG100002,GENE003,DT010_LI176,30.906
ENSG100003,GENE004,DT010_LI176,1.058
ENSG100004,GENE005,DT010_LI176,0.529
ENSG100005,GENE006,DT010_LI176,14.621
ENSG100006,GENE007,DT010_LI176,3.938
ENSG100007,GENE008,DT010_LI176,1.681
ENSG100008,GENE009,DT010_LI176,0.0
ENSG100009,GENE010,DT010_LI176,2.628
ENSG100010,GENE011,DT010_LI176,0.0
ENSG100011,GENE012,DT010_LI176,1.374
ENSG100012,GENE013,DT010_LI176,8.203
ENSG100013,GENE014,DT010_LI176,8.78
ENSG100014,GENE015,DT010_LI176,0.0
ENSG100015,GENE016,DT010_LI176,1.256
ENSG100016,GENE017,DT010_LI176,5.966
ENSG100017,GENE018,DT010_LI176,6.019
ENSG100018,GENE019,DT010_LI176,1.904
ENSG100019,GENE020,DT010_LI176,12.691
ENSG100020,GENE021,DT010_LI176,0.095
ENSG100021,GENE022,DT010_LI176,1.479
ENSG100022,GENE023,DT010_LI176,3.227
ENSG100023,GENE024,DT010_LI176,6.021
ENSG100024,GENE025,DT010_LI176,0.0
ENSG100025,GENE026,DT010_LI176,0.0
ENSG100026,GENE027,DT010_LI176,0.608
ENSG100027,GENE028,DT010_LI176,0.0
ENSG100028,GENE029,DT010_LI176,0.0
ENSG100029,GENE030,DT010_LI176,7.337
ENSG100030,GENE031,DT010_LI176,0.0
ENSG100031,GENE032,DT010_LI176,3.976
ENSG100032,GENE033,DT010_LI176,5.139
ENSG100033,GENE034,DT010_LI176,0.0
ENSG100034,GENE035,DT010_LI176,0.0
ENSG100035,GENE036,DT010_LI176,0.0
ENSG100036,GENE037,DT010_LI176,0.093
ENSG100037,GENE038,DT010_LI176,0.193
ENSG100038,GENE039,DT010_LI176,2.77
ENSG100039,GENE040,DT010_LI176,0.888
ENSG100040,GENE041,DT010_LI176,0.0
ENSG100041,GENE042,DT010_LI176,0.429
ENSG100042,GENE043,DT010_LI176,0.0
ENSG100043,GENE044,DT010_LI176,1.912
ENSG100044,GENE045,DT010_LI176,5.121
ENSG100045,GENE046,DT010_LI176,22.423
ENSG100046,GENE047,DT010_LI176,0.0
ENSG100047,GENE048,DT010_LI176,13.37
ENSG100048,GENE049,DT010_LI176,0.854
ENSG100049,GENE050,DT010_LI176,3.013
ENSG100000,GENE001,DT010_LU798,0.036
ENSG100001,GENE002,DT010_LU798,3.942
ENSG100002,GENE003,DT010_LU798,9.165
ENSG100003,GENE004,DT010_LU798,1.998
ENSG100004,GENE005,DT010_LU798,0.99
ENSG100005,GENE006,DT010_LU798,2.819
ENSG100006,GENE007,DT010_LU798,1.915
ENSG100007,GENE008,DT010_LU798,0.78
ENSG100008,GENE009,DT010_LU798,0.0
ENSG100009,GENE010,DT010_LU798,4.749
ENSG100010,GENE011,DT010_LU798,0.381
ENSG100011,GENE012,DT010_LU798,1.972
ENSG100012,GENE013,DT010_LU798,3.997
ENSG100013,GENE014,DT010_LU798,2.885
ENSG100014,GENE015,DT010_LU798,0.0
ENSG100015,GENE016,DT010_LU798,10.413
ENSG100016,GENE017,DT010_LU798,8.193
ENSG100017,GENE018,DT010_LU798,0.709
ENSG100018,GENE019,DT010_LU798,4.271
ENSG100019,GENE020,DT010_LU798,8.517
ENSG100020,GENE021,DT010_LU798,1.261
ENSG100021,GENE022,DT010_LU798,0.759
ENSG100022,GENE023,DT010_LU798,2.578
ENSG100023,GENE024,DT010_LU798,0.639
ENSG100024,GENE025,DT010_LU798,1.51
ENSG100025,GENE026,DT010_LU798,0.0
ENSG100026,GENE027,DT010_LU798,8.379
ENSG100027,GENE028,DT010_LU798,0.0
ENSG100028,GENE029,DT010_LU798,0.0
ENSG100029,GENE030,DT010_LU798,8.675
ENSG100030,GENE031,DT010_LU798,0.0
ENSG100031,GENE032,DT010_LU798,2.716
ENSG100032,GENE033,DT010_LU798,5.084
ENSG100033,GENE034,DT010_LU798,0.0
ENSG100034,GENE035,DT010_LU798,0.541
ENSG100035,GENE036,DT010_LU798,0.178
ENSG100036,GENE037,DT010_LU798,4.483
ENSG100037,GENE038,DT010_LU798,0.216
ENSG100038,GENE039,DT010_LU798,1.968
ENSG100039,GENE040,DT010_LU798,0.0
ENSG100040,GENE041,DT010_LU798,1.592
ENSG100041,GENE042,DT010_LU798,0.0
ENSG100042,GENE043,DT010_LU798,0.822
ENSG100043,GENE044,DT010_LU798,7.144
ENSG100044,GENE045,DT010_LU798,5.61
ENSG100045,GENE046,DT010_LU798,26.39
ENSG100046,GENE047,DT010_LU798,0.0
ENSG100047,GENE048,DT010_LU798,1.609
ENSG100048,GENE049,DT010_LU798,7.373
ENSG100049,GENE050,DT010_LU798,9.192
ENSG100000,GENE001,DT010_SK415,3.58
ENSG100001,GENE002,DT010_SK415,10.419
ENSG100002,GENE003,DT010_SK415,2.297
ENSG100003,GENE004,DT010_SK415,11.006
ENSG100004,GENE005,DT010_SK415,0.4
ENSG100005,GENE006,DT010_SK415,1.235
ENSG100006,GENE007,DT010_SK415,3.792
ENSG100007,GENE008,DT010_SK415,2.722
ENSG100008,GENE009,DT010_SK415,0.418
ENSG100009,GENE010,DT010_SK415,8.359
ENSG100010,GENE011,DT010_SK415,2.056
ENSG100011,GENE012,DT010_SK415,1.697
ENSG100012,GENE013,DT010_SK415,7.823
ENSG100013,GENE014,DT010_SK415,0.795
ENSG100014,GENE015,DT010_SK415,0.661
ENSG100015,GENE016,DT010_SK415,19.089
ENSG100016,GENE017,DT010_SK415,1.402
ENSG100017,GENE018,DT010_SK415,0.935
ENSG100018,GENE019,DT010_SK415,1.534
ENSG100019,GENE020,DT010_SK415,0.0
ENSG100020,GENE021,DT010_SK415,0.0
ENSG100021,GENE022,DT010_SK415,0.0
ENSG100022,GENE023,DT010_SK415,0.0
ENSG100023,GENE024,DT010_SK415,1.396
ENSG100024,GENE025,DT010_SK415,0.547
ENSG100025,GENE026,DT010_SK415,0.0
ENSG100026,GENE027,DT010_SK415,3.574
ENSG100027,GENE028,DT010_SK415,0.0
ENSG100028,GENE029,DT010_SK415,0.0
ENSG100029,GENE030,DT010_SK415,9.603
ENSG100030,GENE031,DT010_SK415,0.521
ENSG100031,GENE032,DT010_SK415,6.086
ENSG100032,GENE033,DT010_SK415,3.159
ENSG100033,GENE034,DT010_SK415,0.0
ENSG100034,GENE035,DT010_SK415,0.0
ENSG100035,GENE036,DT010_SK415,3.651
ENSG100036,GENE037,DT010_SK415,10.96
ENSG100037,GENE038,DT010_SK415,0.517
ENSG100038,GENE039,DT010_SK415,6.752
ENSG100039,GENE040,DT010_SK415,0.0
ENSG100040,GENE041,DT010_SK415,0.0
ENSG100041,GENE042,DT010_SK415,0.0
ENSG100042,GENE043,DT010_SK415,0.0
ENSG100043,GENE044,DT010_SK415,6.182
ENSG100044,GENE045,DT010_SK415,14.546
ENSG100045,GENE046,DT010_SK415,8.754
ENSG100046,GENE047,DT010_SK415,0.0
ENSG100047,GENE048,DT010_SK415,11.669
ENSG100048,GENE049,DT010_SK415,0.868
ENSG100049,GENE050,DT010_SK415,3.891
ENSG100000,GENE001,DT011_LI135,1.626
ENSG100001,GENE002,DT011_LI135,3.629
ENSG100002,GENE003,DT011_LI135,24.481
ENSG100003,GENE004,DT011_LI135,2.874
ENSG100004,GENE005,DT011_LI135,0.986
ENSG100005,GENE006,DT011_LI135,5.578
ENSG100006,GENE007,DT011_LI135,2.43
ENSG100007,GENE008,DT011_LI135,5.105
ENSG100008,GENE009,DT011_LI135,0.676
ENSG100009,GENE010,DT011_LI135,7.887
ENSG100010,GENE011,DT011_LI135,0.377
ENSG100011,GENE012,DT011_LI135,0.0
ENSG100012,GENE013,DT011_LI135,4.802
ENSG100013,GENE014,DT011_LI135,1.123
ENSG100014,GENE015,DT011_LI135,0.548
ENSG100015,GENE016,DT011_LI135,6.511
ENSG100016,GENE017,DT011_LI135,7.445
ENSG100017,GENE018,DT011_LI135,3.784
ENSG100018,GENE019,DT011_LI135,0.493
ENSG100019,GENE020,DT011_LI135,2.276
ENSG100020,GENE021,DT011_LI135,0.0
ENSG100021,GENE022,DT011_LI135,1.769
ENSG100022,GENE023,DT011_LI135,1.834
ENSG100023,GENE024,DT011_LI135,2.207
ENSG100024,GENE025,DT011_LI135,0.033
ENSG100025,GENE026,DT011_LI135,0.0
ENSG100026,GENE027,DT011_LI135,0.794
ENSG100027,GENE028,DT011_LI135,0.0
ENSG100028,GENE029,DT011_LI135,0.0
ENSG100029,GENE030,DT011_LI135,0.0
ENSG100030,GENE031,DT011_LI135,3.924
ENSG100031,GENE032,DT011_LI135,1.042
ENSG100032,GENE033,DT011_LI135,3.877
ENSG100033,GENE034,DT011_LI135,0.0
ENSG100034,GENE035,DT011_LI135,0.0
ENSG100035,GENE036,DT011_LI135,6.149
ENSG100036,GENE037,DT011_LI135,1.751
ENSG100037,GENE038,DT011_LI135,0.506
ENSG100038,GENE039,DT011_LI135,4.413
ENSG100039,GENE040,DT011_LI135,0.942
ENSG100040,GENE041,DT011_LI135,0.119
ENSG100041,GENE042,DT011_LI135,0.0
ENSG100042,GENE043,DT011_LI135,0.799
ENSG100043,GENE044,DT011_LI135,0.909
ENSG100044,GENE045,DT011_LI135,7.216
ENSG100045,GENE046,DT011_LI135,15.836
ENSG100046,GENE047,DT011_LI135,0.0
ENSG100047,GENE048,DT011_LI135,8.342
ENSG100048,GENE049,DT011_LI135,4.209
ENSG100049,GENE050,DT011_LI135,4.775
ENSG100000,GENE001,DT011_LU261,0.0
ENSG100001,GENE002,DT011_LU261,1.488
ENSG100002,GENE003,DT011_LU261,7.634
ENSG100003,GENE004,DT011_LU261,9.982
ENSG100004,GENE005,DT011_LU261,0.0
ENSG100005,GENE006,DT011_LU261,1.196
ENSG100006,GENE007,DT011_LU261,3.002
ENSG100007,GENE008,DT011_LU261,2.415
ENSG100008,GENE009,DT011_LU261,0.902
ENSG100009,GENE010,DT011_LU261,26.894
ENSG100010,GENE011,DT011_LU261,1.874
ENSG100011,GENE012,DT011_LU261,3.933
ENSG100012,GENE013,DT011_LU261,7.978
ENSG100013,GENE014,DT011_LU261,0.0
ENSG100014,GENE015,DT011_LU261,0.176
ENSG100015,GENE016,DT011_LU261,3.596
ENSG100016,GENE017,DT011_LU261,7.775
ENSG100017,GENE018,DT011_LU261,2.195
ENSG100018,GENE019,DT011_LU261,0.0
ENSG100019,GENE020,DT011_LU261,1.657
ENSG100020,GENE021,DT011_LU261,1.24
ENSG100021,GENE022,DT011_LU261,1.924
ENSG100022,GENE023,DT011_LU261,0.0
ENSG100023,GENE024,DT011_LU261,1.578
ENSG100024,GENE025,DT011_LU261,0.0
ENSG100025,GENE026,DT011_LU261,0.06
ENSG100026,GENE027,DT011_LU261,6.5
ENSG100027,GENE028,DT011_LU261,0.0
ENSG100028,GENE029,DT011_LU261,0.0
ENSG100029,GENE030,DT011_LU261,9.847
ENSG100030,GENE031,DT011_LU261,1.426
ENSG100031,GENE032,DT011_LU261,0.0
ENSG100032,GENE033,DT011_LU261,5.504
ENSG100033,GENE034,DT011_LU261,0.938
ENSG100034,GENE035,DT011_LU261,1.006
ENSG100035,GENE036,DT011_LU261,0.711
ENSG100036,GENE037,DT011_LU261,29.388
ENSG100037,GENE038,DT011_LU261,0.0
ENSG100038,GENE039,DT011_LU261,1.566
ENSG100039,GENE040,DT011_LU261,0.196
ENSG100040,GENE041,DT011_LU261,0.851
ENSG100041,GENE042,DT011_LU261,0.0
ENSG100042,GENE043,DT011_LU261,5.352
ENSG100043,GENE044,DT011_LU261,0.0
ENSG100044,GENE045,DT011_LU261,4.749
ENSG100045,GENE046,DT011_LU261,27.288
ENSG100046,GENE047,DT011_LU261,0.0
ENSG100047,GENE048,DT011_LU261,1.323
ENSG100048,GENE049,DT011_LU261,5.874
ENSG100049,GENE050,DT011_LU261,20.607
ENSG100000,GENE001,DT011_SK498,2.537
ENSG100001,GENE002,DT011_SK498,8.864
ENSG100002,GENE003,DT011_SK498,0.565
ENSG100003,GENE004,DT011_SK498,4.607
ENSG100004,GENE005,DT011_SK498,1.559
ENSG100005,GENE006,DT011_SK498,1.06
ENSG100006,GENE007,DT011_SK498,0.993
ENSG100007,GENE008,DT011_SK498,2.386
ENSG100008,GENE009,DT011_SK498,0.648
ENSG100009,GENE010,DT011_SK498,16.36
ENSG100010,GENE011,DT011_SK498,0.532
ENSG100011,GENE012,DT011_SK498,0.727
ENSG100012,GENE013,DT011_SK498,7.674
ENSG100013,GENE014,DT011_SK498,0.0
ENSG100014,GENE015,DT011_SK498,1.684
ENSG100015,GENE016,DT011_SK498,7.98
ENSG100016,GENE017,DT011_SK498,3.344
ENSG100017,GENE018,DT011_SK498,3.705
ENSG100018,GENE019,DT011_SK498,0.453
ENSG100019,GENE020,DT011_SK498,3.591
ENSG100020,GENE021,DT011_SK498,0.434
ENSG100021,GENE022,DT011_SK498,0.0
ENSG100022,GENE023,DT011_SK498,0.173
ENSG100023,GENE024,DT011_SK498,2.231
ENSG100024,GENE025,DT011_SK498,0.361
ENSG100025,GENE026,DT011_SK498,0.0
ENSG100026,GENE027,DT011_SK498,3.681
ENSG100027,GENE028,DT011_SK498,0.0
ENSG100028,GENE029,DT011_SK498,0.0
ENSG100029,GENE030,DT011_SK498,7.375
ENSG100030,GENE031,DT011_SK498,1.056
ENSG100031,GENE032,DT011_SK498,2.25
ENSG100032,GENE033,DT011_SK498,3.827
ENSG100033,GENE034,DT011_SK498,0.0
ENSG100034,GENE035,DT011_SK498,0.234
ENSG100035,GENE036,DT011_SK498,9.238
ENSG100036,GENE037,DT011_SK498,18.694
ENSG100037,GENE038,DT011_SK498,0.0
ENSG100038,GENE039,DT011_SK498,12.425
ENSG100039,GENE040,DT011_SK498,1.139
ENSG100040,GENE041,DT011_SK498,0.628
ENSG100041,GENE042,DT011_SK498,0.0
ENSG100042,GENE043,DT011_SK498,0.696
ENSG100043,GENE044,DT011_SK498,3.076
ENSG100044,GENE045,DT011_SK498,21.65
ENSG100045,GENE046,DT011_SK498,0.0
ENSG100046,GENE047,DT011_SK498,0.0
ENSG100047,GENE048,DT011_SK498,9.175
ENSG100048,GENE049,DT011_SK498,0.815
ENSG100049,GENE050,DT011_SK498,1.982
ENSG100000,GENE001,DT012_LI195,2.064
ENSG100001,GENE002,DT012_LI195,8.273
ENSG100002,GENE003,DT012_LI195,14.249
ENSG100003,GENE004,DT012_LI195,0.216
ENSG100004,GENE005,DT012_LI195,0.0
ENSG100005,GENE006,DT012_LI195,4.232
ENSG100006,GENE007,DT012_LI195,0.093
ENSG100007,GENE008,DT012_LI195,0.566
ENSG100008,GENE009,DT012_LI195,0.0
ENSG100009,GENE010,DT012_LI195,5.893
ENSG100010,GENE011,DT012_LI195,0.0
ENSG100011,GENE012,DT012_LI195,0.27
ENSG100012,GENE013,DT012_LI195,1.387
ENSG100013,GENE014,DT012_LI195,3.977
ENSG100014,GENE015,DT012_LI195,0.038
ENSG100015,GENE016,DT012_LI195,2.097
ENSG100016,GENE017,DT012_LI195,4.656
ENSG100017,GENE018,DT012_LI195,14.2
ENSG100018,GENE019,DT012_LI195,0.878
ENSG100019,GENE020,DT012_LI195,3.695
ENSG100020,GENE021,DT012_LI195,0.0
ENSG100021,GENE022,DT012_LI195,3.65
ENSG100022,GENE023,DT012_LI195,0.0
ENSG100023,GENE024,DT012_LI195,0.0
ENSG100024,GENE025,DT012_LI195,0.409
ENSG100025,GENE026,DT012_LI195,0.0
ENSG100026,GENE027,DT012_LI195,0.0
ENSG100027,GENE028,DT012_LI195,0.136
ENSG100028,GENE029,DT012_LI195,0.0
ENSG100029,GENE030,DT012_LI195,8.347
ENSG100030,GENE031,DT012_LI195,1.205
ENSG100031,GENE032,DT012_LI195,1.422
ENSG100032,GENE033,DT012_LI195,1.44
ENSG100033,GENE034,DT012_LI195,0.0
ENSG100034,GENE035,DT012_LI195,0.0
ENSG100035,GENE036,DT012_LI195,4.7
ENSG100036,GENE037,DT012_LI195,0.71
ENSG100037,GENE038,DT012_LI195,0.0
ENSG100038,GENE039,DT012_LI195,0.921
ENSG100039,GENE040,DT012_LI195,0.852
ENSG100040,GENE041,DT012_LI195,0.0
ENSG100041,GENE042,DT012_LI195,0.0
ENSG100042,GENE043,DT012_LI195,0.0
ENSG100043,GENE044,DT012_LI195,0.566
ENSG100044,GENE045,DT012_LI195,4.696
ENSG100045,GENE046,DT012_LI195,35.185
ENSG100046,GENE047,DT012_LI195,0.0
ENSG100047,GENE048,DT012_LI195,4.626
ENSG100048,GENE049,DT012_LI195,2.987
ENSG100049,GENE050,DT012_LI195,3.478
ENSG100000,GENE001,DT012_LU365,1.655
ENSG100001,GENE002,DT012_LU365,1.216
ENSG100002,GENE003,DT012_LU365,4.036
ENSG100003,GENE004,DT012_LU365,5.283
ENSG100004,GENE005,DT012_LU365,0.391
ENSG100005,GENE006,DT012_LU365,1.528
ENSG100006,GENE007,DT012_LU365,0.831
ENSG100007,GENE008,DT012_LU365,0.705
ENSG100008,GENE009,DT012_LU365,0.0
ENSG100009,GENE010,DT012_LU365,11.94
ENSG100010,GENE011,DT012_LU365,0.981
ENSG100011,GENE012,DT012_LU365,3.564
ENSG100012,GENE013,DT012_LU365,0.0
ENSG100013,GENE014,DT012_LU365,0.098
ENSG100014,GENE015,DT012_LU365,0.0
ENSG100015,GENE016,DT012_LU365,4.732
ENSG100016,GENE017,DT012_LU365,3.87
ENSG100017,GENE018,DT012_LU365,3.327
ENSG100018,GENE019,DT012_LU365,5.293
ENSG100019,GENE020,DT012_LU365,2.552
ENSG100020,GENE021,DT012_LU365,0.672
ENSG100021,GENE022,DT012_LU365,6.566
ENSG100022,GENE023,DT012_LU365,3.103
ENSG100023,GENE024,DT012_LU365,4.467
ENSG100024,GENE025,DT012_LU365,0.514
ENSG100025,GENE026,DT012_LU365,2.769
ENSG100026,GENE027,DT012_LU365,2.344
ENSG100027,GENE028,DT012_LU365,0.0
ENSG100028,GENE029,DT012_LU365,0.0
ENSG100029,GENE030,DT012_LU365,2.697
ENSG100030,GENE031,DT012_LU365,0.0
ENSG100031,GENE032,DT012_LU365,0.0
ENSG100032,GENE033,DT012_LU365,0.637
ENSG100033,GENE034,DT012_LU365,1.543
ENSG100034,GENE035,DT012_LU365,0.566
ENSG100035,GENE036,DT012_LU365,0.0
ENSG100036,GENE037,DT012_LU365,7.469
ENSG100037,GENE038,DT012_LU365,0.0
ENSG100038,GENE039,DT012_LU365,0.129
ENSG100039,GENE040,DT012_LU365,0.0
ENSG100040,GENE041,DT012_LU365,0.478
ENSG100041,GENE042,DT012_LU365,0.0
ENSG100042,GENE043,DT012_LU365,0.499
ENSG100043,GENE044,DT012_LU365,4.491
ENSG100044,GENE045,DT012_LU365,7.772
ENSG100045,GENE046,DT012_LU365,20.389
ENSG100046,GENE047,DT012_LU365,0.0
ENSG100047,GENE048,DT012_LU365,2.445
ENSG100048,GENE049,DT012_LU365,6.557
ENSG100049,GENE050,DT012_LU365,12.047
ENSG100000,GENE001,DT012_SK101,6.001
ENSG100001,GENE002,DT012_SK101,6.314
ENSG100002,GENE003,DT012_SK101,0.886
ENSG100003,GENE004,DT012_SK101,4.321
ENSG100004,GENE005,DT012_SK101,0.086
ENSG100005,GENE006,DT012_SK101,2.356
ENSG100006,GENE007,DT012_SK101,0.0
ENSG100007,GENE008,DT012_SK101,0.71
ENSG100008,GENE009,DT012_SK101,0.0
ENSG100009,GENE010,DT012_SK101,10.4
ENSG100010,GENE011,DT012_SK101,0.0
ENSG100011,GENE012,DT012_SK101,1.194
ENSG100012,GENE013,DT012_SK101,2.508
ENSG100013,GENE014,DT012_SK101,0.685
ENSG100014,GENE015,DT012_SK101,1.907
ENSG100015,GENE016,DT012_SK101,0.0
ENSG100016,GENE017,DT012_SK101,0.719
ENSG100017,GENE018,DT012_SK101,2.615
ENSG100018,GENE019,DT012_SK101,0.991
ENSG100019,GENE020,DT012_SK101,2.619
ENSG100020,GENE021,DT012_SK101,0.0
ENSG100021,GENE022,DT012_SK101,0.0
ENSG100022,GENE023,DT012_SK101,0.0
ENSG100023,GENE024,DT012_SK101,1.486
ENSG100024,GENE025,DT012_SK101,0.839
ENSG100025,GENE026,DT012_SK101,0.0
ENSG100026,GENE027,DT012_SK101,0.825
ENSG100027,GENE028,DT012_SK101,0.0
ENSG100028,GENE029,DT012_SK101,0.0
ENSG100029,GENE030,DT012_SK101,4.666
ENSG100030,GENE031,DT012_SK101,0.0
ENSG100031,GENE032,DT012_SK101,0.692
ENSG100032,GENE033,DT012_SK101,1.743
ENSG100033,GENE034,DT012_SK101,0.0
ENSG100034,GENE035,DT012_SK101,0.0
ENSG100035,GENE036,DT012_SK101,2.294
ENSG100036,GENE037,DT012_SK101,12.526
ENSG100037,GENE038,DT012_SK101,0.033
ENSG100038,GENE039,DT012_SK101,0.797
ENSG100039,GENE040,DT012_SK101,0.148
ENSG100040,GENE041,DT012_SK101,2.905
ENSG100041,GENE042,DT012_SK101,0.0
ENSG100042,GENE043,DT012_SK101,0.0
ENSG100043,GENE044,DT012_SK101,3.646
ENSG100044,GENE045,DT012_SK101,18.393
ENSG100045,GENE046,DT012_SK101,9.232
ENSG100046,GENE047,DT012_SK101,0.0
ENSG100047,GENE048,DT012_SK101,5.444
ENSG100048,GENE049,DT012_SK101,1.759
ENSG100049,GENE050,DT012_SK101,1.165
