Provider Id,Total Discharges,Average Covered Charges,Average Total Payments,Average Medicare Payments
1,442,74350,105267,96641
2,581,82009,73870,65461
3,42,83952,81586,73599
4,328,85346,76012,59341
5,581,109932,104846,77930
6,452,117705,93214,92464
7,315,58349,59739,48657
8,73,40773,64147,54880
10,538,46513,74968,56292
11,50,44455,62605,53032
12,625,77039,56402,45248
13,442,72505,136696,130318
14,510,25309,53788,41820
15,226,38336,70739,62810
16,39,35022,59766,48702
17,315,37945,58987,50807
18,427,117038,87652,83487
19,149,48957,66959,60967
20,304,65228,79570,70269
21,434,105112,92915,83884
22,574,84337,70913,61009
23,498,86621,89892,85329
24,57,86798,103927,93324
25,12,47692,62442,50980
26,193,70062,54200,46295
27,510,85839,66846,54299
28,182,56862,64286,49636
29,535,91517,56959,45318
30,590,55784,55224,44758
32,215,44968,58219,45550
33,82,24950,62890,51555
34,427,53752,91669,86325
36,368,78772,63097,50132
37,416,113813,106661,101401
39,32,89718,54925,45205
40,37,49477,58907,49003
41,270,40874,55149,49089
42,171,64190,87029,73466
43,17,44782,55220,44385
44,315,75749,58285,42899
45,237,74124,66278,44141
46,315,61588,57413,50367
49,543,38154,55228,43853
50,347,107035,72899,48151
51,315,52691,60485,46599
52,535,83757,63494,51568
53,427,69941,76913,67091
54,215,72289,98787,91831
55,138,88525,61094,50640
57,25,91232,71618,62586
59,29,45265,58216,48626
60,94,37784,67430,61861
61,416,55381,58619,50503
62,522,102341,83563,49647
64,368,81124,82844,58297
65,416,54306,59297,52324
66,325,57596,64177,48430
67,357,84971,56295,47006
68,368,157969,54171,41728
69,16,354,58804,47906
70,629,8950,63823,53322
73,6,67967,63744,51446
74,215,46651,71164,44164
75,498,124489,72624,64097
76,442,43018,112973,105115
77,57,64529,53376,41138
78,94,43248,75070,65567
79,70,55390,53744,42932
80,44,48276,60078,41661
81,347,95788,59025,51800
84,160,55725,54190,45501
85,215,55335,60705,52387
86,204,117270,101111,87483
88,543,96031,72200,63957
89,171,65447,77392,41583
90,434,55653,72338,62972
91,259,83099,65388,50933
96,160,70995,99650,83876
97,138,21607,91027,74460
98,82,112261,112412,70592
99,259,69190,81882,67536
100,406,100547,63651,50939
101,248,66543,58238,50330
102,442,91162,68077,48114
103,149,87236,54936,44387
104,138,86444,92331,89149
105,501,69146,60679,51882
106,526,82851,85085,45251
107,94,22545,87518,57523
108,193,86143,60784,52965
109,215,60994,60821,46891
110,505,122322,66617,46746
111,116,130316,82373,61484
113,259,131442,96537,91890
114,434,112518,99279,88218
115,315,95619,67550,56026
116,32,11400,58437,54459
117,462,119476,57711,46385
119,396,100594,60781,50249
121,357,117728,93475,85075
123,32,79948,60758,48931
124,602,91508,55349,40769
125,581,95815,55295,47126
126,237,89570,59843,50072
128,107,48544,63246,46613
129,554,112380,58537,45818
130,368,115882,59659,50974
131,568,124091,61776,49451
132,378,101861,62192,55185
133,416,42046,84592,62922
135,406,85663,58448,42414
136,396,34772,71628,56817
137,94,107429,78882,70268
138,608,90654,55846,45339
139,368,124959,88681,46278
140,16,108403,58044,46781
141,452,34321,60825,47083
142,498,97003,63755,53933
143,522,98256,76998,53537
144,569,38673,54524,45393
145,594,113775,81550,66382
146,529,92773,61363,53564
147,505,45915,56951,46875
149,315,82660,73260,69245
150,149,81822,81434,51654
151,259,62643,70561,44685
153,608,98003,54220,45827
154,636,105555,61230,53007
155,581,99990,54519,43509
156,388,91950,77792,55919
157,594,105680,60895,44042
158,396,67128,56159,42806
159,16,54386,51413,39604
160,182,89790,55769,42053
161,336,69565,66489,56135
162,248,119452,85013,77121
164,416,74302,78490,70118
165,94,70840,73078,66692
167,416,92482,72773,67325
168,204,27552,114747,111943
169,70,91852,83582,76542
170,32,92092,57537,48311
171,293,57019,66114,57552
172,237,114520,97070,89932
173,70,54068,58596,50648
174,248,144793,63393,45586
175,638,38463,54943,43005
176,116,40494,61072,41299
178,160,121703,95879,65575
179,105,80208,56681,41994
180,182,82717,58840,45059
181,237,41659,53327,43185
187,452,80745,90946,74966
188,32,137779,66040,58079
189,215,28905,57064,43515
190,171,12372,58627,52130
191,171,54097,52767,44469
192,594,68305,65918,55037
193,248,122597,53905,43855
196,16,150336,63716,53347
197,368,95099,56744,43002
198,259,126150,62981,55962
199,94,64176,52621,39787
203,127,71553,92558,41890
204,94,81194,57124,39990
205,434,12808,54332,40041
208,16,158438,60061,57216
210,44,154071,61496,42611
214,215,47645,55852,44809
215,44,14108,65077,54720
216,82,64699,53117,46579
217,94,135895,58553,44493
220,82,57255,75100,46483
221,270,21093,52876,42209
223,554,45585,65308,56350
225,32,131100,73539,62211
226,32,143610,57517,48543
227,116,32252,49826,38944
230,315,89353,75962,49119
231,270,106167,66075,48027
236,584,33176,55541,47326
237,160,40466,58411,52058
238,204,51004,80334,64623
245,32,84256,54059,40544
247,577,125618,58716,50992
248,44,17165,49577,36263
251,82,133255,57403,43794
252,171,29735,66309,55933
256,94,41690,63340,52524
260,116,68508,64684,54883
261,193,27724,72653,64498
262,182,34420,64817,46797
264,116,91760,82821,37036
265,452,43192,66475,55940
266,32,33356,79593,73104
268,70,87786,16187,76991
269,70,39573,66684,60019
271,127,5110,65541,60035
272,16,17307,68167,54068
273,94,58837,66873,61156
274,44,35672,66699,56389
275,325,24466,87347,82822
278,469,34414,68930,54764
279,529,36855,67587,55743
280,16,102191,66990,62362
281,469,64842,69731,58051
283,182,12489,115768,103815
284,77,72757,67766,51508
285,396,36494,81988,70440
291,226,45919,55276,42099
293,70,65338,79171,70289
294,116,68573,68834,58049
297,396,61767,89236,70716
299,215,32430,89366,80499
300,396,27692,62772,53642
303,526,46236,68550,59041
304,32,82562,72522,63302
305,517,21106,77340,68511
306,160,61967,82014,76540
307,57,81222,112211,103648
308,138,48880,56443,46497
309,469,66569,70384,44566
311,452,31852,69559,65858
312,204,20577,58697,44312
313,149,47066,75261,69210
315,215,36684,64021,58525
320,590,50962,82789,72018
325,116,92227,112519,83025
327,44,18614,84095,39195
328,44,9340,73148,61696
329,226,65077,81345,66679
330,82,43726,67328,42816
331,632,11890,58490,46061
335,543,63981,84364,63067
341,378,72795,71053,62603
342,462,64873,77360,67594
343,248,72107,56602,46351
344,193,80306,74897,55898
346,282,70065,81196,45304
351,160,22538,66328,64891
352,149,71381,60549,50034
354,160,94330,65630,57965
361,204,44848,59241,46946
362,171,129962,87716,72937
365,138,39634,66372,52366
367,138,60633,113896,90281
379,44,44038,97138,92881
381,237,3454,63656,57490
383,94,20512,73823,51400
384,282,8274,65751,54704
387,82,40330,68942,58461
389,16,9067,97938,79239
390,149,6250,69644,54870
395,160,33620,57376,45986
396,36,91231,73653,57591
397,149,117576,65859,57042
398,611,57170,86441,69596
399,182,4985,60829,53415
400,127,49800,66194,57980
401,204,29849,55265,45185
402,336,31602,72780,66768
403,149,54848,122603,115244
405,57,9811,70810,59200
406,70,91327,75869,68508
407,510,79012,93184,60143
408,226,154605,58385,42826
409,505,14071,64740,57438
410,82,76540,68795,46896
411,160,72228,64040,57651
412,336,25532,61425,51244
413,577,50960,92713,78090
414,248,55477,102460,96911
415,160,55315,77679,72414
417,427,53403,76471,64068
418,248,39574,92112,81921
419,138,5311,78261,60654
421,25,60265,61800,54904
422,226,47746,67774,59399
423,160,38714,88216,82293
424,282,67805,69992,64606
425,636,56828,75719,69047
426,82,91800,103059,103485
428,378,80480,109302,91995
429,70,59389,100128,93853
431,482,88910,79239,74084
432,171,92840,122525,116350
434,491,73594,82026,66239
435,127,64244,67209,59362
436,215,61808,107627,91657
438,57,38968,61893,52752
439,57,8638,108618,104462
440,82,14976,76577,64053
441,193,75791,70888,62357
442,336,86902,90896,84420
443,16,24503,96875,93460
444,347,39655,74807,44799
445,482,74357,77560,67851
446,160,49755,76897,68428
447,160,71982,127818,107815
448,44,42353,69390,46456
449,325,71481,90679,55970
450,127,17024,135626,129486
451,182,120610,78992,68348
452,138,36084,65773,57147
453,368,73578,63006,54871
454,325,52727,84115,79426
455,396,36792,61391,53946
457,57,31584,58429,50817
460,577,40254,71274,61059
463,347,74584,71354,66572
464,569,13218,113234,103902
465,57,29328,64501,59974
467,160,39027,69176,47212
468,270,19098,70173,56633
469,70,44140,70410,64126
471,14,51814,88892,78552
472,215,84975,75881,63240
473,226,52091,66622,56995
474,94,70002,123661,100130
475,554,70958,69585,62157
476,442,81490,117399,98518
477,44,33075,89790,83517
478,215,75737,123175,106704
479,336,90947,59941,48267
480,584,57765,58579,50492
481,535,52290,76896,71985
482,282,31863,58995,48911
484,604,67313,74011,67566
486,609,66965,68298,53253
487,613,74354,70360,61423
489,10,50309,98496,87943
490,501,60528,77950,66089
492,442,85607,61858,52020
493,641,40366,71804,60926
494,248,92643,86340,57079
495,641,56726,99727,81068
496,336,57118,106137,89465
497,574,65012,74868,67198
498,538,75921,67605,51480
499,529,51590,58794,49682
500,16,993,71297,67149
501,347,63692,84846,67836
502,16,60794,100713,93512
503,619,114382,72621,53186
504,378,54878,77497,60321
505,462,75133,73394,70265
506,23,76904,69460,51919
507,590,94187,62335,53900
508,70,9371,60730,55127
509,304,47399,107151,98714
510,547,12795,61902,47662
511,498,101806,133859,88860
512,293,22077,64289,56409
513,608,61520,61827,55249
514,82,59524,73619,62202
515,482,74720,68570,60269
516,406,33287,66104,54863
521,44,94362,104450,53479
523,626,43563,79375,73704
524,116,59226,76129,45160
525,406,31248,79326,73710
526,193,20062,62556,46169
527,116,22760,63580,41688
529,304,50795,79436,75637
530,304,19632,62966,51052
531,116,62491,59284,47341
533,491,22973,76850,63095
534,357,32603,65954,51586
535,442,45385,69750,47587
536,325,14928,61291,53285
537,347,35532,65747,56632
539,554,21366,67291,58215
540,116,33479,112104,106639
541,105,11559,61154,47963
542,70,30281,76093,60667
543,538,27819,78123,48219
544,558,48238,65577,57426
545,434,70623,65052,56890
548,204,17633,74427,46603
549,501,31683,56724,46623
551,32,28608,62780,61792
553,357,3229,74671,70010
554,138,30457,63885,56441
555,574,64443,109345,97728
557,248,17432,73457,65656
558,116,27071,59904,50978
559,32,146634,65250,66915
564,215,51811,75176,66059
567,568,42087,57033,46658
568,577,56768,77870,67650
569,16,32168,62938,41044
570,237,19961,64430,52444
571,569,54674,74145,67042
572,282,35304,67694,53288
575,478,37462,61738,44484
579,127,43240,65564,62869
580,315,23053,73055,54336
581,357,8813,65043,49336
582,82,145582,61253,38635
583,18,37995,65263,56855
584,434,49571,61589,50658
585,94,35131,60859,42082
586,16,71193,95538,57941
587,82,43721,60906,51155
593,116,63816,70228,65625
595,32,56291,73849,42316
596,57,48558,68188,60006
603,482,46565,63120,50726
605,406,62392,57092,47740
609,16,3072,66576,53934
615,44,48774,72659,63508
616,94,40555,56738,46284
617,182,19734,58869,49861
619,613,17720,60309,50347
621,138,25717,63285,53031
622,70,26908,71102,48409
623,315,21608,60983,53976
624,127,41985,135949,74245
625,237,13477,71852,48277
627,32,5709,53631,37365
629,70,32024,72771,65175
630,215,54464,73588,55932
631,378,50302,72295,57390
632,16,24809,70715,52929
635,82,22459,63963,43872
640,32,40901,71723,71342
642,259,20247,58796,40849
650,105,39541,57155,45280
652,57,23771,71831,68058
657,94,74414,84325,70351
658,193,37389,56333,48485
663,10,43217,68512,55281
666,632,73339,58845,43919
671,611,62209,68160,52956
672,293,95065,75685,63637
674,44,37389,63108,54434
675,105,20500,54010,40460
680,44,16302,68036,55753
681,127,111835,64523,51503
682,149,79738,75114,38638
684,182,60819,56183,45845
690,138,155739,52995,43347
697,149,38320,65436,53117
698,304,10581,56803,51380
700,94,2962,68121,64305
701,577,33182,67657,57684
702,14,31446,60872,48099
703,149,51877,70959,62783
704,452,4732,56684,47536
705,17,57324,71145,59441
707,57,21098,69561,59545
710,94,16379,63045,56872
711,138,133226,56813,45748
714,138,26126,55342,43949
715,388,36649,69744,63694
716,602,25260,65735,57053
717,204,15084,64022,53727
718,538,11520,83888,68417
719,29,43201,79733,66996
721,193,73580,86711,75546
722,182,33360,73831,51980
724,70,1747,65630,62608
726,105,10457,67675,60070
727,149,28420,60403,50989
729,259,44224,73771,57258
732,615,86799,106484,96334
733,105,23620,65703,64294
735,82,108518,61895,46576
737,357,14516,65399,60475
739,27,57658,77265,68354
741,105,16181,69433,52221
744,522,32718,53624,41130
745,569,41044,63012,53992
746,26,9415,54648,44838
747,116,150095,81696,78777
750,94,17271,59738,53249
751,57,36121,65504,54818
752,116,88640,62723,54175
754,160,30288,57640,54960
755,18,29276,53955,40866
756,558,39330,70548,63090
757,94,6004,58257,52937
758,116,62095,54221,48099
759,482,93766,109966,94889
763,427,24956,66428,51614
765,138,24235,54083,42438
769,57,23217,60332,50946
771,32,20251,54040,42246
773,434,96830,73975,62150
775,347,54950,60161,54737
778,498,74422,70098,61593
779,325,55422,58193,39675
781,547,50783,85363,72777
783,304,69523,69328,59068
784,94,70578,62415,47249
785,248,43405,70200,65605
787,193,55764,62992,57828
788,138,58832,79095,70891
791,57,39233,56292,44654
793,315,26902,67150,54510
794,204,5333,79377,61799
797,82,65903,67194,59140
800,94,156672,104632,101904
802,357,32755,59129,47751
804,581,46610,66727,52272
809,237,64504,83724,63328
813,171,13190,74124,64720
815,237,25541,63889,46448
817,406,47887,60768,56904
819,82,50949,57139,46760
820,105,12360,71654,66311
822,160,100049,102031,97665
823,32,77848,62337,45555
828,44,51595,75189,66242
830,70,43324,74283,63116
833,160,27545,56096,42482
851,57,147839,59394,58289
853,105,18966,67156,59507
854,304,22756,88324,74469
855,116,80782,104591,98967
857,270,21352,66352,58903
858,304,23705,61209,47669
860,70,352,71367,67070
864,427,3455,75032,69526
867,259,9759,74552,61143
871,16,159934,111525,102878
873,127,3431,84480,70771
879,32,10847,141192,137067
881,510,134400,89933,86611
882,82,147083,120271,114114
883,138,159574,142638,133508
884,630,139420,102282,95036
885,18,148517,123285,117380
886,396,139295,101494,97340
887,638,143197,111249,104946
888,357,1007,144514,139421
889,336,4760,1883,138190
890,641,148080,122320,115890
891,505,147519,121192,115497
893,606,142997,110633,103846
894,357,157788,139939,133734
896,522,146734,119449,113707
897,45,143174,111586,104607
898,538,129249,79404,71164
899,12,127785,77161,69180
900,304,143004,110780,106590
901,608,156002,137027,130839
902,469,120767,64272,54061
903,304,149315,124805,119926
904,70,133199,87268,77381
905,469,137005,95847,88167
906,491,141788,108716,100439
907,204,141517,106936,99782
908,427,135267,91796,87850
909,10,132934,86894,81308
910,182,157135,138742,132431
911,282,142255,108776,103077
912,606,142551,110200,98914
913,3,128124,77773,69948
914,482,145929,117600,112118
916,510,139481,101957,97045
917,604,136610,95819,85412
918,581,135905,93179,86522
919,24,137269,96851,90098
921,505,137228,98040,86597
922,584,136406,94506,87602
925,237,123270,70231,52210
926,44,5470,91140,72502
927,149,20135,91416,86887
929,378,21545,95116,88730
930,32,26164,117946,113821
931,630,4858,99752,94427
932,368,9287,73024,59250
934,127,5663,117953,114637
935,57,448,85691,77271
936,293,9303,82886,79942
937,193,2619,75842,67985
938,259,155471,77351,65826
939,215,3576,64828,57139
940,248,36907,135729,132006
941,569,5613,81419,73151
942,596,71639,86420,77446
944,293,7276,94401,87399
945,149,5841,70371,64877
948,304,5388,96036,92947
950,427,155,80197,64199
952,226,23001,95416,82013
953,127,154182,65297,54053
954,315,4303,84252,77284
955,94,158280,78499,71051
956,442,6523,83514,77067
957,388,101804,116288,109934
958,160,148332,78962,71825
959,29,18326,84270,69724
960,505,19345,102188,97575
961,434,7175,80286,76687
962,270,158693,79766,74482
963,149,43,73228,69241
964,215,23839,69282,60252
965,171,45342,125180,119653
967,215,6556,76720,71377
968,32,127,86115,81834
969,16,12155,69186,62229
970,554,28235,75464,65213
971,462,64171,78722,71647
972,510,143554,69830,64080
974,357,81157,114209,109339
975,535,151535,89352,83823
976,116,32827,125909,118506
977,105,40658,91463,85554
978,259,158317,72937,64970
979,171,154336,78935,73528
980,501,59132,120646,113240
981,452,17308,90164,84442
982,32,155478,83734,65123
983,427,12519,86405,76711
984,226,150349,92945,87256
986,31,8200,64656,55325
988,434,149418,70658,64056
989,237,41574,62039,45545
992,526,26411,88384,82566
993,69,42414,88831,78261
994,2,31573,84093,77719
995,608,159514,73508,57540
996,57,14882,74292,54011
997,522,29169,110319,107490
998,615,36400,95192,83782
999,70,154945,88621,80340
1000,325,159950,61407,47755
1003,57,151705,69857,62113
1004,9,2506,90633,76205
1005,44,150040,65811,53098
1006,625,28844,61338,53265
1007,416,34482,111226,106861
1008,54,1524,71939,61193
1009,442,51790,110979,105214
1010,16,4407,97760,69836
1011,82,9342,63041,55459
1012,270,160150,75014,62379
1013,259,158742,92598,77057
1014,94,159943,71968,62084
1015,378,25164,87582,62408
1016,64,18940,73331,64889
1017,248,494,68194,59664
1018,522,9776,71328,61666
1019,193,56389,72370,65101
1021,32,155830,60352,51563
1022,171,9944,62644,56771
1024,325,8483,66905,59744
1025,633,45177,65037,55605
1026,105,126317,71771,61838
1027,57,125571,66509,58103
1029,594,9855,80653,70242
1030,347,11165,64063,59136
1033,564,49306,127704,120769
1034,82,11826,78448,60308
1035,32,154499,72520,61101
1038,558,37003,85112,72072
1041,49,45466,87970,77155
1042,462,49883,114898,110367
1044,61,21543,85641,80171
1045,282,25477,72098,67096
1046,1,1419,69298,63883
1047,543,157090,97324,95382
1048,17,16891,77735,63528
1049,26,36987,95894,88004
1050,529,53937,80878,72671
1052,388,28993,78941,67833
1054,325,26566,64409,53310
1055,25,24213,76676,68640
1056,388,20993,90584,83385
1057,182,17952,114270,110205
1059,15,18256,63779,55583
1060,149,39652,64138,59128
1061,282,4063,77409,70422
1062,613,14334,78140,70686
1063,609,40954,87998,80171
1064,138,90,82165,73170
1066,94,158690,60699,50747
1067,304,3096,85433,79584
1068,538,34550,66386,59547
1070,10,38503,71868,59654
1071,182,19694,68085,61526
1072,138,51859,119519,113718
1074,116,31604,78743,62648
1077,270,33311,56285,49746
1078,442,46753,77933,63875
1079,193,17938,76468,69629
1080,57,40044,131013,126644
1082,357,38587,106983,81464
1089,510,37936,91242,83553
1090,325,74854,85350,66219
1091,32,13175,78399,71963
1093,70,9617,83800,75318
1094,44,159258,75452,68488
1095,57,18019,72300,68560
1097,517,150888,70359,64020
1099,526,55554,80112,67319
1102,315,58177,76289,69657
1103,57,148984,72672,63182
1107,127,1443,74580,67050
1109,94,28260,65038,53947
1110,70,54475,114959,109045
1113,215,19600,74710,69383
1116,105,38838,66811,55950
1117,282,38543,101124,93352
1118,498,58840,81088,56974
1119,16,6005,66404,53807
1120,149,61966,87313,55636
1125,215,33668,83383,63350
1126,32,48156,66151,55920
1128,32,65224,99656,97778
1130,510,37074,78062,52395
1131,160,49378,66900,59424
1132,160,98981,67923,60629
1133,282,80113,84298,49613
1134,70,145004,71336,66932
1136,16,38073,58983,55965
1138,6,92295,71666,55712
1140,44,2565,54739,50629
1142,315,74195,71610,63821
1143,171,12951,66894,50814
1146,293,73488,61989,49462
1147,44,54940,87377,79864
1150,630,42259,59279,50417
1151,171,142724,54891,48514
1155,57,11659,59650,48289
1156,116,151490,63664,55319
1160,149,31434,67717,61831
1161,138,97986,69517,57666
1163,469,20281,68401,60471
1166,94,22480,75887,57742
1169,215,20785,54739,45166
1170,116,57753,62145,46273
1173,160,157451,69121,61931
1174,70,21152,73264,67395
1175,44,40699,65234,54826
1176,469,54044,58295,43691
1177,116,17703,58815,52692
1179,149,83580,58887,50518
1186,505,42984,80954,51389
1189,270,33947,62138,46892
1191,543,62496,65709,53169
1192,53,40868,92634,77796
1193,57,16374,63250,43935
1194,315,31870,61296,38466
1196,82,58797,103874,66354
1197,357,47249,68861,52571
1199,538,2131,57555,51307
1202,94,130618,71319,62943
1203,442,29129,93628,80364
1205,478,32208,65294,54499
1206,149,9803,70783,66546
1207,160,11173,121485,116740
1214,94,35367,75746,69466
1215,505,42071,60421,48853
1216,388,17759,50767,40881
1219,547,28394,56053,43067
1222,478,64552,53953,43994
1223,226,40929,52810,44355
1224,452,59128,89431,78063
1225,215,20743,64104,44088
1226,501,107264,59970,53215
1227,543,47623,59921,46041
1230,529,71814,68486,60226
1231,325,69800,108832,95807
1232,613,14855,56184,43066
1233,427,44760,60938,55581
1234,105,39425,75529,68810
1237,149,53282,79815,53522
1238,529,39604,67020,58598
1239,522,74914,79787,70882
1240,116,65941,87616,80034
1243,16,2231,67508,63114
1245,94,146433,57620,47154
1246,82,3801,73330,65323
1247,237,85941,64985,53627
1248,442,17478,57766,47531
1249,574,34235,76860,44951
1250,315,62125,61850,56527
1251,434,61652,72371,49634
1252,94,41682,80714,71941
1254,127,72256,111538,80716
1255,182,74624,58182,53629
1256,32,159677,74301,67691
1257,569,56582,57435,46110
1262,293,73553,55123,42909
1265,105,21026,98568,45950
1266,226,12409,73733,68903
1271,193,7437,69027,62314
1272,32,1388,66010,55752
1277,452,55627,67910,56191
1278,94,63298,82723,75343
1279,237,54499,93645,79041
1280,564,40318,68964,52699
1281,116,38683,60744,50405
1284,182,31343,65378,37159
1285,282,55072,67151,52057
1286,57,18997,91336,73851
1287,70,4964,80048,52002
1288,32,50857,76301,56318
1289,32,58511,76374,67552
1291,171,157055,102007,91182
1296,193,52448,56183,45423
1300,505,80234,75406,62573
1301,237,113476,91649,83500
1308,282,48130,88818,80964
1309,522,100369,93274,84924
1310,347,87095,73852,68196
1312,569,107110,75901,61111
1313,517,100841,77083,71622
1314,160,116614,71627,64886
1315,462,88933,74636,60631
1320,127,105391,66399,51906
1321,293,24415,73774,67182
1322,171,38693,109448,102529
1325,127,42342,70780,65861
1326,204,27258,70994,64301
1327,44,19971,71732,66484
1329,270,40125,67977,60030
1331,248,70258,89899,82268
1333,215,19209,69784,51171
1334,94,55783,87205,50873
1335,127,14015,65186,56747
1336,505,47000,84685,62852
1338,378,70425,71715,65833
1339,529,46207,63979,55610
1340,160,55087,81327,74135
1341,491,50397,91811,69220
1342,160,64056,76401,67104
1346,116,91330,105643,101107
1347,116,63952,89124,81710
1349,237,100688,77132,61386
1351,32,74852,82832,57840
1352,82,22535,93142,87749
1354,53,77563,62869,55184
1356,44,74861,122982,117330
1357,522,71296,81764,63721
1360,248,61630,77819,64226
1366,315,85452,64436,55427
1368,147,73115,69100,54430
1369,526,74641,83768,68149
1370,127,64622,71989,61806
1371,59,76709,66235,54450
1372,204,61457,81862,68635
1374,282,111580,76627,67340
1375,16,42638,87306,79544
1379,282,57148,82257,74884
1384,215,80549,93430,59792
1385,57,73879,119547,53504
1387,193,96087,71439,59678
1389,193,70711,95484,67543
1390,215,89087,69910,60968
1395,569,114629,95580,91422
1396,594,130930,134556,127208
1397,396,103112,103222,97537
1398,138,48362,88999,64824
1399,462,101540,93328,85064
1400,630,71996,83909,73692
1401,629,114177,87752,82067
1402,378,83587,78622,66120
1403,510,40040,69381,63512
1404,31,68677,78254,72713
1405,182,122343,127066,122277
1406,581,83583,95679,85637
1407,368,129468,103413,98151
1408,357,96866,76968,67952
1409,66,114184,113203,108309
1410,116,127018,98295,89684
1411,42,112251,72180,66055
1412,522,132028,67339,57838
1413,16,11676,80411,76555
1414,462,98720,99316,92515
1415,427,115866,96311,70437
1416,547,107521,91178,80494
1418,629,121313,81321,77264
1419,564,120933,66690,61057
1420,623,123724,110664,105877
1421,574,121423,95425,90130
1422,149,118627,114998,111534
1423,126,110503,67099,60413
1424,293,131091,86729,77126
1425,501,100111,94643,84966
1426,543,109680,67771,55721
1427,596,137227,71683,62921
1428,636,98178,76619,67745
1429,641,82810,93105,83475
1430,24,121269,74675,64749
1431,469,97451,101272,94573
1432,564,103861,71636,60443
1434,248,113553,88931,83562
1435,347,107946,72810,66283
1436,80,128393,84754,72327
1437,149,117977,66554,56563
1438,304,115499,100854,97203
1439,39,126437,86560,74456
1440,204,115145,122548,118891
1441,452,117280,99414,94877
1442,581,113907,105420,99218
1443,608,125889,78863,68114
1444,378,106198,90469,84396
1445,452,108491,81462,68529
1446,46,105222,94476,90473
1447,416,94645,74994,68493
1448,577,144485,91857,88013
1449,434,91900,111468,106803
1450,608,104586,85454,74334
1451,574,114213,67329,59841
1452,517,82634,70214,57156
1453,590,98943,70631,58308
1454,259,74046,66242,59093
1455,462,120901,76520,69644
1456,116,148384,96489,91749
1457,32,98442,141503,135825
1460,127,38893,100118,94060
1462,44,40455,94589,85115
1463,357,34109,89331,82843
1465,149,55534,62725,56335
1472,613,52687,77902,64608
1482,16,76750,68324,56121
1483,82,68171,87285,78714
1488,127,46260,64047,57084
1491,293,26943,116196,110342
1492,94,2028,56091,48399
1493,625,58939,85885,77740
1494,577,20092,95545,77583
1495,127,29564,113400,109586
1497,94,14087,6244,149987
1498,259,144752,60176,52983
1499,529,96927,95928,83801
1500,325,159383,134543,126027
1501,396,12687,116785,110825
1502,10,91912,81648,74330
1503,568,53306,137813,132099
1504,270,36092,138030,135512
1505,226,87683,123502,117518
1510,602,65572,96200,86113
1511,77,23577,62445,50351
1512,619,73587,80589,65960
1513,602,95157,138824,134629
1514,193,10816,57981,48499
1515,16,65161,76378,72444
1517,13,55852,122227,113629
1518,368,60694,144073,139371
1519,462,53981,57006,48928
1521,613,100735,141018,135674
1522,368,40859,84834,68570
1523,204,2964,137989,129287
1524,57,160216,86290,81115
1525,70,88012,95178,84554
1528,160,156969,73932,56967
1530,127,155725,5184,146157
1533,127,33126,120779,115837
1534,32,43969,95876,88310
1535,396,19918,64900,58610
1536,237,624,66866,60097
1538,60,69739,136207,126165
1539,182,136633,56636,50332
1540,138,143113,58167,48453
1541,501,71588,92892,82721
1542,23,76847,114026,105261
1543,498,49324,85753,77520
1544,82,36605,70878,66005
1547,378,95421,112305,104308
1548,594,8124,70101,61199
1549,27,82135,82949,73672
1551,171,3792,143919,138309
1553,105,95578,92902,85744
1554,193,7340,109453,98274
1555,558,156231,76156,68642
1556,49,114590,85285,74172
1559,105,57428,132390,124213
1560,564,26761,63883,54520
1561,138,30175,105634,102766
1562,434,93266,90698,84506
1564,554,45326,114012,109657
1565,357,29069,82013,70161
1566,204,146855,71472,64978
1567,116,138959,69334,57238
1568,581,96470,110342,90794
1569,501,77922,131755,124179
1570,44,153682,69403,63939
1572,226,6577,58198,48316
1573,248,53296,83530,80893
1574,368,68748,81147,65044
1575,315,28208,119703,112632
1576,623,68442,75325,68174
1577,304,147774,69059,60956
1578,478,147907,61420,44458
1579,347,39790,133321,125190
1580,615,87279,138526,131460
1581,248,76571,130573,121655
1582,630,17685,139504,133708
1583,57,154328,75556,64448
1584,75,61908,86666,80862
1586,270,79823,120470,117060
1587,105,45330,147131,132430
1588,13,19403,87857,75945
1590,57,66766,75406,71834
1591,357,48703,111596,103267
1594,535,103709,117487,110647
1595,82,18168,61066,47902
1596,44,12968,74540,63370
1597,16,30128,110028,105007
1598,442,84507,141444,135255
1599,94,34370,54397,44740
1602,160,28281,95053,88504
1606,182,48533,63207,51246
1607,105,32014,139858,134066
1608,237,108121,130715,121990
1609,293,17149,82944,63166
1610,517,59160,129011,122636
1612,57,1988,61643,43553
1614,535,62587,120036,114796
1615,259,169,67741,57155
1616,215,105801,97695,76632
1618,237,20445,99215,88813
1619,347,60787,88153,73022
1620,388,72535,101594,98364
1621,44,21303,87070,80622
1622,357,70074,83553,74718
1624,270,51264,80378,74461
1627,357,80674,78021,70539
1628,138,24972,72039,63103
1629,368,15050,62540,49037
1630,347,159506,61323,53243
1631,427,6442,97454,90968
1632,49,89461,89945,75261
1633,608,18656,80368,68887
1634,501,35719,139373,135401
1636,491,32498,93225,83529
1637,632,53841,87749,77778
1638,517,70386,78533,70094
1639,378,53518,92301,85839
1640,149,23385,142818,139067
1641,416,58059,107020,103112
1642,498,59995,83111,73941
1644,94,22999,82786,76736
1645,357,72708,122088,118058
1646,193,16327,73749,65619
1647,293,56470,146838,143140
1648,32,47334,2237,146435
1649,44,66498,143473,135641
1650,116,36006,4110,148351
1651,529,114082,78878,73363
1652,498,29362,73494,61358
1653,558,35949,73351,65945
1654,57,3160,67203,54750
1655,462,33611,69739,54033
1656,226,39785,70978,62979
1657,237,7198,77207,71707
1659,105,16579,68649,64403
1660,584,13724,80686,59456
1661,427,27939,62073,51515
1663,204,156014,62695,52145
1664,193,46043,59833,53018
1665,510,43249,69879,58172
1667,44,14256,75859,68997
1668,505,12628,71157,60381
1669,9,72753,85997,72785
1670,259,80004,116995,108461
1671,12,13955,70502,63700
1674,105,157068,66900,55915
1675,396,49329,59624,49359
1676,626,63278,100616,89956
1678,259,35815,69529,62012
1679,304,26071,105376,93751
1681,522,58751,87775,81552
1682,82,2354,86131,77723
1683,609,32372,70654,61837
1685,116,145169,66291,56551
1686,368,2543,115353,109631
1687,127,17754,62811,57067
1688,248,14695,77705,66208
1689,100,60150,83266,75160
1690,336,159883,67936,54472
1691,482,20039,84481,78225
1692,94,46736,60229,53575
1697,215,56195,77564,73056
1698,6,24367,80214,65666
1700,282,25033,66871,53297
1701,82,48803,63186,55629
1702,70,23560,72599,66733
1703,57,28703,65982,61786
1704,282,21764,74313,54879
1705,16,34379,82842,74937
1706,248,50799,103942,89348
1707,14,26155,58086,46664
1708,56,14818,67818,57122
1709,193,59162,62007,47363
1713,215,47394,74479,67791
1715,138,35735,58560,51649
1716,505,1009,76882,58303
1717,604,159564,79906,69627
1718,127,14174,73381,66115
1719,82,24553,70540,60398
1720,638,20382,77618,69741
1721,427,5587,79453,73611
1722,204,45829,69954,56850
1723,82,69463,69193,62363
1725,248,19476,85554,71879
1727,259,8767,68613,63282
1729,248,42792,82186,63857
1731,116,28014,66732,58749
1736,388,27402,68605,39655
1737,491,66796,61233,52595
1738,32,26517,59071,50212
1739,215,145576,60486,51121
1742,357,26780,83589,70027
1743,82,151746,77286,59607
1744,116,155286,91612,61160
1747,482,26682,78915,45333
1749,160,38438,118845,114894
1750,85,49622,75299,62065
1751,505,27984,77973,66940
1752,171,27511,58009,47701
1753,16,159355,56262,47247
1754,116,9985,67593,58336
1755,282,15581,70844,61502
1758,378,36974,69570,61435
1759,357,25756,92567,84278
1760,193,69872,69275,65799
1761,641,94314,79086,71039
1762,182,28323,67553,48614
1764,434,64298,76871,61365
1767,388,13976,73173,62599
1770,554,12234,68256,58519
1772,529,14366,54391,44596
1774,16,146087,59680,51533
1775,82,22234,99054,96676
1776,406,102740,79161,73994
1777,388,93629,76646,55918
1778,193,9434,65264,50504
1779,336,78297,58371,52169
1780,596,38086,67129,45909
1782,127,8513,115360,106033
1783,416,32006,78185,48756
1784,193,19324,60580,55011
1785,526,29870,61713,53563
1786,478,87496,82342,67799
1787,226,3817,62505,55822
1789,138,147553,64300,57001
1790,127,75159,65035,46852
1791,94,37020,96179,90866
1792,171,85122,60875,54811
1793,526,59359,68491,63441
1794,193,34142,57343,50978
1795,248,67743,74389,69373
1797,226,57607,69393,57287
1798,171,54001,57307,53955
1799,529,18370,66674,53969
1800,193,60808,100862,95031
1801,501,58612,67765,57876
1803,44,157204,67769,57520
1804,522,19378,58675,45556
1805,44,40854,52769,44013
1807,171,9680,56776,47368
1808,32,149628,61814,60732
1809,611,56167,54558,44114
1813,347,51724,100885,97238
1814,388,36881,60411,48085
1815,82,59426,54263,44863
1817,160,18117,57704,48651
1819,608,38764,66648,58933
1820,44,35055,84124,62381
1823,248,50541,66181,54121
1824,160,74055,87622,75356
1825,282,57201,84847,63393
1826,315,36337,103155,97563
1827,248,70007,77266,72105
1828,478,65854,54657,45314
1829,416,46980,70391,62200
1830,526,20705,57149,48175
1831,293,11894,57721,43551
1834,32,46637,60281,53980
1835,138,61106,109812,92930
1837,510,63496,54746,43639
1839,325,7222,70907,61355
1840,182,54423,63802,54372
1841,434,34848,75640,67387
1843,522,49373,61317,52203
1844,193,49398,59504,51430
1845,32,129585,68911,63071
1846,568,46770,78201,50394
1847,248,86501,88208,77332
1848,44,8235,55246,47150
1850,32,60887,54789,44946
1851,57,63377,54017,45189
1853,171,156455,78417,75903
1855,368,958,58839,50798
1856,160,71865,59607,49891
1858,581,51727,55193,43645
1859,127,14507,64114,52694
1860,182,19177,75654,53228
1861,138,56370,65074,60498
1863,44,71622,62060,53263
1864,32,103152,59374,48348
1868,57,11065,61001,53866
1870,543,30466,52249,41741
1875,442,39395,61212,39155
1878,32,73097,49169,39638
1879,293,47246,86084,81254
1881,94,1145,58913,50348
1884,569,58321,57842,48900
1886,590,35956,57341,48754
1887,416,93876,71990,68014
1893,70,27641,62537,55213
1894,149,21021,59282,45313
1895,452,48859,63032,51407
1896,127,73153,59817,39914
1897,406,58251,81039,71778
1900,149,67415,61675,53710
1903,368,48484,90717,74965
1904,116,41576,66611,61688
1905,32,152840,61849,55841
1907,282,41028,69793,58667
1912,482,14488,60345,53151
1915,16,138497,75974,74089
1918,16,136556,70239,65906
1919,105,149466,58661,48162
1920,83,15148,67755,52767
1921,171,101940,105580,100179
1922,325,68916,57601,48939
1924,57,26354,84479,55154
1927,510,61698,71975,54509
1929,116,7337,60258,54395
1930,38,22835,63688,49265
1933,32,1127,73056,50033
1936,82,127307,67427,62241
1937,16,8217,89184,77639
1941,16,117800,65943,66882
1946,57,67433,67357,56985
1952,44,38845,55616,43780
1966,347,2550,85586,63096
1969,16,14437,138011,93948
1970,16,40761,108695,43091
1972,16,58475,73267,69173
1973,70,27767,71057,61025
1982,16,29345,70489,61071
1983,16,33429,92820,81143
1984,138,20925,81396,64270
1987,149,15633,76788,69656
1988,171,160159,84637,62687
1990,32,23809,72493,47924
1992,94,29853,66199,56934
1993,171,34720,104917,102169
1995,105,34475,82549,75015
1996,538,43440,62470,55960
1997,204,16846,89623,81260
1999,491,59006,55408,45853
2000,469,74320,108741,104380
2002,434,84528,71703,62327
2003,270,85600,63389,60052
2004,160,9457,54510,41721
2005,259,155635,65348,53536
2008,149,113293,74320,72562
2009,149,140782,133840,122765
2010,293,70926,104590,100059
2011,388,154128,69530,54463
2012,171,157246,53099,41308
2013,171,25695,59633,47202
2014,16,94657,63348,50362
2015,160,154826,62055,56588
2016,16,143468,54757,43114
2018,105,152926,61586,59621
2019,388,3818,68581,66613
2021,41,41945,82269,74510
2022,388,8085,65818,55134
2023,608,13350,86121,75583
2024,57,14201,69054,65151
2025,608,94154,80422,73515
2026,442,73359,94834,87724
2029,388,68027,65562,49448
2030,325,25376,55811,40730
2033,149,85990,83947,48809
2034,32,31651,63600,50555
2035,462,27815,62351,51188
2036,315,22429,84886,75905
2038,138,116643,68448,61737
2040,193,83250,58166,50932
2041,505,23162,60260,45126
2042,325,99989,68704,59032
2043,478,35905,73681,67448
2044,149,120616,69463,63853
2045,304,129577,81792,79189
2047,44,150201,68193,55047
2049,336,8605,54318,44728
2051,16,16411,56217,47124
2052,127,49367,83896,65090
2053,347,107879,71061,63539
2054,15,35747,67445,55717
2056,378,40650,86324,66936
2058,325,45678,51769,42993
2060,505,23677,78869,73401
2061,149,122834,115269,112576
2063,171,25312,66350,58753
2065,522,86952,86231,80690
2069,127,74489,73936,62929
2071,259,85216,63137,55589
2072,57,154844,68435,60215
2073,70,118289,63575,54407
2076,52,76672,82801,73040
2077,554,51401,62148,56187
2078,57,34225,87858,67035
2079,606,107642,70902,60435
2080,270,95677,138594,128421
2081,259,18153,57355,38414
2082,44,19069,74841,71788
2083,171,19423,52036,44576
2085,452,44684,64961,58480
2086,526,101974,64752,54235
2088,478,108695,107031,102503
2091,478,81751,79055,69181
2093,6,113993,101329,88317
2094,452,43407,55969,46368
2095,149,13634,58635,51504
2096,9,106993,112783,99848
2097,82,24567,59216,43878
2098,462,58167,63424,53722
2099,611,142585,90889,83936
2100,16,50526,71475,65000
2102,282,53360,61594,55009
2103,44,138708,65894,59864
2106,442,88990,80776,73343
2107,32,103213,100736,66196
2109,16,124126,61660,53845
2110,505,52673,83736,70023
2111,501,68493,63466,55036
2112,602,104204,70032,61398
2113,416,25387,68977,58781
2114,160,23202,54522,44873
2115,57,5700,68501,60406
2116,215,93210,66026,60597
2117,482,104821,63474,55303
2118,171,88251,95124,91242
2119,427,44590,61298,45904
2120,57,96421,94886,88494
2121,442,17003,52791,40154
2122,25,103858,78022,71000
2123,325,8421,72394,66012
2125,406,35745,60170,51699
2126,522,65816,114516,102456
2127,26,76199,67352,54093
2128,501,73164,72547,60104
2129,388,149821,52012,41964
2131,270,31363,59333,51820
2132,171,34025,57332,39389
2133,226,67008,74126,68621
2136,248,155473,122006,120468
2137,94,44467,78567,72144
2140,70,6369,57232,48901
2149,215,59744,109770,46948
2150,378,31397,63811,54417
2151,138,26014,58233,44968
2152,94,119391,56115,58686
2153,378,10028,59528,50676
2159,478,149244,67270,63287
2160,270,57278,67999,44965
2161,116,19549,61524,48611
2162,452,141424,55847,43756
2163,16,24652,57712,51634
2164,116,20820,56294,48080
2165,82,145176,60641,58204
2166,105,42336,63394,58530
2167,82,38341,83669,70920
2171,10,158944,60359,49978
2172,171,38880,60000,45598
2175,171,53438,72111,65219
2180,44,83244,59501,57041
2181,82,22632,56651,44642
2183,116,29924,64068,54177
2185,609,27655,63179,47668
2186,32,17780,59337,46056
2187,116,34019,66474,61384
2188,70,41162,52383,41369
2192,215,55812,118175,106342
2193,16,155674,102320,101048
2194,32,32899,74185,65249
2196,498,46852,110685,106864
2198,293,56681,93180,67043
2200,127,66805,83389,54745
2201,127,57858,82692,77101
2203,538,28695,71174,58071
2204,215,57549,119167,105452
2206,619,47449,86459,58557
2207,315,24735,64963,49254
2208,138,47342,68696,61947
2212,517,81993,98276,83980
2214,215,33109,70253,62354
2215,505,52360,58523,47383
2216,237,23070,53700,41405
2217,558,77824,74231,59293
2220,315,102209,65924,57246
2222,57,25525,71867,64281
2225,32,30161,60084,53891
2226,171,20321,70715,62448
2227,526,59921,74019,65501
2230,57,26800,61060,55945
2233,94,47153,64826,60477
2235,70,51118,68606,58359
2238,171,56778,79919,66147
2240,82,152654,67561,60506
2241,160,36512,108909,85802
2243,416,75052,62438,44644
2244,406,85470,85627,80112
2245,569,64126,67212,55564
2246,325,37652,97651,80883
2247,270,40535,73633,64782
2248,293,101719,66939,51694
2249,462,44878,60397,42696
2251,215,50717,62900,48475
2253,564,94241,63437,54841
2254,558,40234,59016,40547
2259,57,143079,66524,60191
2261,44,21181,72305,69175
2263,82,44687,76962,71038
2265,434,26326,80426,69444
2266,368,27307,71170,62790
2268,248,28787,101651,80625
2278,619,19699,65970,59359
2280,171,103407,91241,53829
2282,16,58858,61307,53264
2283,32,10935,56123,42334
2285,462,30828,51815,40604
2286,491,16083,56996,49001
2287,406,53379,74200,71646
2289,182,25540,57882,47609
2290,32,28020,59664,46340
2293,57,21190,55575,45452
2294,171,158072,58495,53744
2298,416,1156,53676,40280
2299,127,52363,65974,56171
2300,193,87665,115772,102993
2304,23,66568,80354,61083
2305,75,71981,92197,71249
2308,501,28351,64987,51001
2310,94,28855,49758,38196
2312,94,35245,59930,49732
2313,237,7696,66200,52515
2316,510,57209,66655,59350
2317,32,23871,69506,62238
2322,282,68660,56789,50742
2323,293,4055,64894,53313
2324,116,957,60484,50316
2325,304,15487,56279,45403
2326,16,13743,56613,45429
2328,10,50349,53351,41447
2330,24,53093,79913,71992
2335,442,35049,52587,41311
2336,193,14181,54565,44096
2337,44,159503,53136,39726
2340,259,26603,67175,53120
2341,127,4067,59881,55099
2343,94,40932,64011,45451
2345,204,88711,69443,45209
2346,171,49473,67529,59935
2349,105,72174,78583,61961
2351,215,66139,68488,63396
2353,568,3592,56574,42765
2355,70,16848,56310,46016
2360,564,89624,72144,62065
2362,160,54515,59286,51997
2364,57,21210,75668,44379
2365,127,69953,63613,56501
2373,160,91401,57617,44804
2374,325,124340,83745,73344
2376,149,32308,63005,59230
2377,491,52977,76456,60866
2378,613,69242,69451,60075
2380,160,41781,146421,141829
2381,584,63997,89964,79336
2382,248,64147,76395,40309
2383,16,42586,109571,106383
2384,434,108631,95707,89501
2385,237,119032,85944,79361
2386,160,60786,67315,58627
2387,434,82883,84860,78037
2388,547,67804,57397,47225
2389,116,84302,105863,98952
2390,522,84601,63141,56965
2392,554,119413,72214,51601
2393,625,30833,57571,46286
2395,452,80833,71635,56377
2396,127,74409,111622,89207
2398,584,53250,87477,75832
2400,9,73134,60212,51723
2401,114,83068,70521,60315
2402,482,55182,62911,56242
2403,347,73767,119577,112607
2404,127,58558,65898,59133
2407,16,69990,68434,58720
2410,469,113448,59074,50827
2412,248,80578,56567,47014
2414,94,59518,57922,47480
2415,160,100975,78310,64774
2417,44,53868,77320,67239
2418,23,83284,62286,43048
2420,498,120504,79518,73339
2422,613,107836,98509,90173
2424,94,62233,95730,87640
2425,427,37906,81188,74622
2427,629,64766,82282,71286
2428,149,60187,67785,57519
2429,80,67814,74410,60953
2430,226,46065,79727,71959
2433,193,100304,64415,58401
2435,160,55282,63992,54805
2439,215,86736,57388,50416
2440,32,74244,70517,58617
2441,293,37833,92828,85786
2444,636,62958,80252,73288
2446,215,68039,64381,45410
2448,535,84967,88322,68172
2450,182,20030,79215,53230
2451,32,64789,67891,67423
2452,215,34744,59677,49380
2453,347,47661,77146,68929
2455,248,97644,64028,48800
2460,357,118439,73802,57968
2461,434,48178,65015,46087
2462,568,35114,56045,44141
2465,94,4677,62605,59745
2466,182,73028,99271,92496
2471,16,49597,59383,46065
2473,105,63629,75698,62721
2479,116,78780,72182,54526
2481,293,65788,70083,60511
2482,204,65350,75596,67653
2484,611,74067,65441,57719
2488,94,56395,69445,65638
2489,574,102986,82115,73758
2495,83,85981,73715,61216
2496,282,97043,66178,57748
2499,82,43462,70996,62829
2500,336,117608,79066,57284
2504,315,106675,79518,67313
2505,29,74316,82566,77249
2508,57,64059,68858,49950
2511,416,65635,72603,63023
2512,16,32799,68232,61466
2513,498,45206,62158,47012
2515,105,98761,58817,42786
2519,160,41504,74561,58311
2520,94,64144,63995,57895
2521,57,95731,67796,61691
2526,259,52663,56361,46536
2528,547,52546,66965,46317
2533,94,51981,57296,45363
2536,57,5052,71907,73471
2539,315,66785,84477,47355
2541,604,96757,65661,55225
2543,347,69914,64681,45364
2544,336,101498,80522,57019
2545,193,50213,67045,43991
2547,149,76718,81962,77125
2548,94,108498,82305,76272
2549,347,100930,73045,55563
2550,609,119024,69243,52252
2551,44,63083,69875,41230
2552,16,151362,68751,66838
2553,215,56044,56658,42734
2557,127,101921,95322,83480
2558,427,119092,66048,57688
2559,116,94320,64264,54492
2560,378,78186,63223,50443
2561,529,108153,74344,61725
2562,336,105120,77754,68285
2563,116,64214,66649,48352
2564,259,109076,64673,56195
2566,138,66473,77632,60366
2567,259,51860,95007,86489
2568,32,76838,69916,54485
2573,44,129425,117427,101888
2574,270,59339,60661,45188
2575,347,95984,89274,85101
2576,149,86245,62896,55198
2577,138,126358,86774,59698
2578,44,92177,72383,51478
2579,182,57355,72821,64731
2581,226,72744,65623,58965
2582,182,68656,71877,56862
2584,248,22776,65051,57816
2586,70,156555,56458,53641
2588,116,32963,72548,65469
2590,57,65356,78115,44590
2592,270,105675,74171,61202
2593,94,45499,58789,41641
2595,304,86831,71505,65182
2598,94,70036,55685,43344
2602,193,92654,69246,62320
2604,16,89147,62605,51918
2610,160,71223,67297,58634
2611,70,66019,77583,70263
2616,270,88583,65131,57872
2618,94,54374,91159,52006
2625,57,95849,107747,52041
2629,442,46143,98733,93881
2640,16,118915,57361,48578
2642,57,52681,57263,43609
2646,94,11229,79547,50213
2648,182,5768,74100,46114
2649,44,41111,82050,45483
2653,204,43764,83772,64530
2660,182,7623,73898,58723
2668,57,41101,73035,47880
2676,138,24328,111722,104037
2677,226,24756,97719,91353
2681,149,39380,69191,55523
2682,116,30687,61265,54055
2683,581,14295,73269,63842
2684,357,6084,72382,55923
2685,529,43082,87416,71620
2686,160,36807,112593,108264
2687,193,41889,68855,55243
2688,82,154549,66451,48653
2690,574,15221,68031,54649
2691,304,154920,70979,55725
2692,32,34762,70438,62491
2693,160,105952,65994,47059
2694,86,943,73107,49597
2695,564,64494,76933,69969
2696,127,35708,62704,54077
2697,26,29757,79309,68700
2699,105,59057,116911,99587
2701,57,11163,80620,35259
2702,16,38156,57985,49238
2703,357,56921,85175,68514
2704,378,40621,60153,48186
2705,204,24905,70820,46285
2706,357,40467,69589,56106
2707,259,45197,60659,49086
2708,193,9149,71374,63943
2709,609,36107,64120,46666
2710,491,52240,57365,43485
2711,442,159658,73223,68456
2712,636,16645,88744,82691
2713,226,52606,56792,40082
2714,24,52410,63377,40129
2715,505,41407,64675,47543
2716,204,43387,59851,43255
2717,2,44158,93732,78979
2718,388,38005,58857,45537
2719,505,107112,69045,58760
2720,535,48076,64264,55406
2721,501,29600,67526,53357
2722,434,3570,56540,43405
2723,304,12129,58714,48169
2727,171,15838,59478,50725
2728,82,54683,76826,56688
2729,427,26085,66236,46421
2732,105,39994,56470,45725
2733,160,30695,70076,51320
2734,193,65027,69423,50519
2737,57,22408,71476,65628
2738,498,98139,62836,52108
2739,293,10104,71926,65878
2740,105,7343,62704,52855
2741,171,154089,63376,54008
2742,149,23600,66378,47396
2744,434,80330,69467,48476
2745,138,38624,56821,45514
2746,613,27593,57575,45275
2747,193,32098,76898,43495
2748,16,7964,69280,57545
2749,32,40422,59549,48468
2751,182,8182,54582,41017
2753,378,29446,66408,53663
2757,82,93410,70042,66757
2759,182,61632,77949,70277
2761,127,151608,75661,61242
2763,138,39845,76606,71911
2764,325,13997,75362,62683
2765,57,71497,78551,69796
2766,347,49625,80834,75312
2767,105,13268,78628,68087
2768,149,45352,89190,71639
2769,94,147273,137111,131436
2770,138,79847,78187,70014
2771,259,42425,81165,62709
2772,315,72304,78793,72425
2773,32,71707,79015,72648
2775,304,23037,78756,74972
2776,138,17913,81205,63264
2778,406,11729,83862,72852
2780,347,54744,83497,66877
2781,57,19246,81272,71236
2784,482,54166,82421,69708
2785,388,36524,68872,53212
2787,182,82801,87736,82407
2788,293,48177,73940,67339
2791,94,48358,116889,110725
2793,182,139287,74162,62556
2794,105,35019,72730,65874
2795,517,83151,77322,62397
2798,574,34825,89383,81712
2799,82,119132,106371,86088
2800,510,86264,88684,67686
2802,406,52283,78324,57388
2803,171,93196,90002,86934
2804,16,107237,112389,109014
2807,204,83800,82384,69078
2809,44,53429,87973,71568
2810,160,87765,87224,68693
2812,116,114766,99543,92600
2813,270,47247,134603,129700
2814,160,120679,100161,94527
2815,32,67424,117539,91556
2816,127,57874,126201,119040
2817,535,103274,97508,80524
2819,105,83502,91491,86995
2820,215,97548,91367,82096
2822,304,84338,79033,71259
2825,498,113577,123881,115918
2826,70,90905,125784,88876
2828,82,128762,144889,114220
2831,442,54078,100621,94406
2832,568,55009,91559,82994
2833,32,94848,117832,110929
2834,498,78587,117221,110462
2835,94,109463,131564,126600
2844,564,93714,112310,101223
2846,204,107408,115011,107258
2847,538,119574,95232,83982
2848,82,132963,101981,96826
2852,25,79730,85920,75987
2854,70,96408,80493,75081
2855,347,85636,94808,82279
2857,32,88842,100940,99142
2858,336,127183,129740,125694
2859,226,104377,129960,126050
2861,325,104530,123532,97523
2863,44,70569,111559,106073
2864,57,91640,100089,78586
2865,237,89726,76976,63990
2866,182,131839,100132,91803
2867,70,130114,80018,74396
2868,204,56471,91691,89526
2870,138,57213,77389,67847
2871,116,147485,133754,127970
2874,491,46248,88258,75934
2875,193,113104,113371,108506
2877,16,126177,110922,106029
2878,315,81921,91328,84642
2885,215,111869,111525,94336
2887,70,64235,84103,77097
2893,293,107480,75348,73169
2894,293,132485,84910,82452
2895,237,118816,106166,96609
2896,304,139226,127065,120960
2897,325,137058,107224,84923
2899,44,85272,115211,102555
2902,204,131379,119635,114941
2903,44,123029,95050,87421
2904,293,82849,84644,77853
2908,293,110120,95321,87121
2909,105,63451,71353,64252
2910,44,128127,80316,73889
2911,160,103362,84851,79847
2914,127,119568,113644,108867
2917,526,125630,87435,80592
2919,522,100985,90044,84341
2920,482,125779,118145,113883
2921,215,130513,142086,135352
2922,94,124650,91423,87118
2923,138,58263,131528,127685
2925,94,114670,87052,83957
2927,82,64484,99434,91433
2933,304,133002,94145,90367
2935,116,106190,100298,96891
2939,127,92650,70784,65951
2941,82,95538,116738,111789
2942,16,110228,79081,70809
2943,70,72027,121590,115601
2945,427,74680,88836,80491
2947,482,105482,128231,122187
2949,259,82287,87312,76624
2950,57,88978,85421,77141
2953,282,115412,78969,59410
2954,105,75542,129731,124640
2955,259,67818,94096,86704
2956,237,81846,108444,101857
2958,70,137706,88662,81490
2959,116,67354,113965,88055
2961,116,58078,105558,96546
2962,182,107204,78436,69177
2964,602,118479,84781,77373
2966,57,28093,98980,89784
2967,462,127246,100528,93758
2968,149,136061,121676,117001
2971,32,19732,124770,116846
2972,127,130733,103959,78411
2973,293,66931,108994,99932
2974,16,39257,102262,95203
2975,357,42069,86777,80768
2976,215,122963,101114,93939
2977,32,98589,77810,73852
2978,116,84947,87684,80124
2982,160,86352,100557,71781
2987,127,89159,86742,81344
2990,594,112197,91371,86528
2992,226,103816,108233,103752
2995,609,80835,90590,84592
2996,32,118309,119612,112766
2997,282,149119,111868,98018
2999,204,105934,114557,110217
3000,70,118679,82742,55997
3001,388,95995,97759,88246
3002,529,109988,109460,103217
3004,149,129076,99870,93481
3007,70,92064,73136,65448
3008,57,133919,86260,79644
3012,517,95347,101029,90511
3014,378,106317,112290,104266
3018,32,123955,112341,103708
3025,478,102412,92045,81715
3026,388,124315,82413,76425
3027,325,107068,85838,80076
3029,388,105049,76203,68377
3030,44,39743,112443,100194
3031,193,131171,113635,110127
3032,304,129280,71408,58515
3034,204,61841,102850,97883
3035,105,114047,87078,79701
3037,16,102087,78460,72452
3039,193,105005,112942,108168
3040,16,80269,81930,66093
3041,57,121743,133621,126631
3042,160,94750,71649,61239
3046,204,101420,73081,67319
3048,215,127277,77035,69102
3049,558,140419,120933,105612
3050,416,119109,80734,71653
3051,171,96657,70422,62165
3054,282,50086,123142,118681
3058,57,67633,79717,71209
3060,127,44803,75787,66160
3063,32,115992,92877,88862
3067,378,27007,82601,75050
3068,16,55057,114675,107963
3070,70,42992,81982,73451
3074,116,101104,76142,63979
3076,94,116791,77400,68317
3080,160,140191,129028,122197
3082,416,109010,103554,95846
3090,94,99693,94585,82291
3091,70,20230,89153,82436
3092,94,86152,87302,68446
3095,558,129718,90726,85603
3097,270,95940,91204,84902
3103,629,18432,96759,88485
3104,32,156934,66611,61334
3105,427,153250,65784,53674
3106,547,157862,70748,53741
3107,149,2125,73879,58844
3108,16,24325,54522,42874
3109,94,149099,54141,43025
3111,42,38072,73976,62385
3112,193,158632,50419,38894
3113,171,4653,50895,39567
3114,237,33807,76055,68610
3115,193,143102,56106,48530
3117,82,148821,50279,40099
3118,149,135063,59051,51906
3120,237,155374,58413,46844
3122,315,8264,74597,70545
3123,32,151602,58483,47165
3125,127,23426,92884,85491
3126,517,11536,54385,46458
3127,215,143320,61469,56562
3128,625,6405,59030,52040
3129,105,14709,64082,55955
3131,57,48066,67186,58766
3137,388,42605,63308,54216
3140,82,61165,76095,74577
3143,248,17120,68623,49273
3144,82,25800,59838,48062
3146,105,11276,76002,49131
3150,171,3034,82018,73858
3152,57,14314,81989,76691
3157,182,42514,87763,75588
3162,396,42558,68887,61153
3163,82,15074,58931,47260
3165,16,52776,84090,45156
3167,215,40924,82261,69446
3168,590,40267,77681,70453
3170,82,33633,66029,57017
3171,282,36023,82666,77961
3174,406,41977,76329,72599
3176,94,55849,117689,111550
3177,57,70340,64598,58001
3179,336,17696,59829,49282
3182,226,10631,65369,54613
3184,357,61157,98435,90330
3185,34,71924,86842,75727
3186,482,57537,66671,52357
3188,116,29749,59833,48024
3189,282,18616,104987,99029
3190,82,79510,101243,57065
3199,82,43273,53739,44054
3211,522,34973,74945,68553
3212,171,56657,64674,59091
3216,248,82533,71491,48353
3217,568,24021,72413,54773
3219,116,61672,69729,59153
3222,138,85317,69940,62069
3223,32,10839,80581,72391
3224,44,77530,67288,65836
3225,594,53547,74536,59080
3226,44,37928,78912,68373
3227,32,77789,118590,114433
3228,127,92363,67703,53233
3230,215,36965,61615,51455
3231,434,50879,62115,51753
3232,116,100239,75771,68971
3233,526,90300,71210,59129
3239,127,101060,78398,69904
3241,70,153618,63858,54757
3245,182,91382,68780,64548
3247,57,70209,75735,70358
3248,16,80969,64742,48821
3249,149,94191,62292,55922
3250,16,98984,62191,54380
3254,259,42324,71320,43723
3265,105,114285,58253,47724
3270,160,78515,58603,48673
3274,116,118811,67236,60432
3280,105,82962,58005,50444
3281,171,76982,80241,57488
3294,569,47041,98783,90246
3295,625,58039,100998,91384
3296,171,5967,73861,70326
3297,116,26610,109883,106519
3298,378,75815,94491,86320
3299,270,105874,96696,80011
3300,427,31655,80897,74415
3302,462,63896,114760,109848
3303,215,141041,77127,66498
3306,517,33192,99352,92556
3307,554,40053,81732,70464
3308,564,53845,83757,76927
3310,517,83980,83292,74606
3311,138,17055,106641,103854
3312,564,66290,124513,113026
3313,149,8771,86983,64559
3314,491,57044,107117,102834
3315,70,28486,74410,66867
3316,498,31070,94187,89042
3317,44,52782,74410,67328
3318,182,33769,91167,83395
3319,619,15315,90586,83658
3320,434,56867,94441,89080
3321,17,32519,90693,82631
3322,70,17904,132414,125442
3325,142,21720,90127,80267
3326,259,26031,81427,75556
3327,462,24712,78447,64695
3328,57,20833,92908,86467
3329,282,46657,70309,55383
3331,293,82430,110916,93171
3334,82,60401,64129,56672
3335,347,24460,99340,92759
3337,517,50805,104442,90825
